,Card0,Card1,Card2,Card3,Card4,Card5,Card6,H/S,W/L,Answer,Final,P_Score,D_Score
0,4D,3D,,,,,,1.0,1.0,1.0,0.0,17,18
1,4D,3D,KH,,,,,0.0,1.0,0.0,1.0,17,27
2,7D,2S,,,,,,0.0,0.0,1.0,1.0,9,20
3,6H,8H,,,,,,1.0,1.0,1.0,0.0,15,17
4,6H,8H,AS,,,,,1.0,0.0,0.0,1.0,25,17
5,JC,7H,,,,,,1.0,1.0,1.0,0.0,21,9
6,6H,6S,,,,,,1.0,1.0,1.0,0.0,17,15
7,6H,6S,5C,,,,,0.0,1.0,0.0,1.0,17,25
8,JS,KD,,,,,,1.0,0.0,0.0,1.0,24,17
9,7S,3S,,,,,,0.0,1.0,0.0,1.0,10,22
10,3C,4S,,,,,,0.0,0.0,1.0,1.0,7,14
11,4D,5S,,,,,,1.0,1.0,1.0,0.0,19,11
12,4D,5S,10S,,,,,1.0,0.0,0.0,1.0,25,21
13,3C,8D,,,,,,1.0,1.0,1.0,0.0,13,10
14,3C,8D,2D,,,,,0.0,1.0,0.0,1.0,13,10
15,JC,JS,,,,,,1.0,0.0,0.0,1.0,30,14
16,9D,5D,,,,,,0.0,1.0,0.0,1.0,14,23
17,KH,QS,,,,,,1.0,0.0,0.0,1.0,30,9
18,3S,8D,,,,,,1.0,1.0,1.0,0.0,21,19
19,7D,3C,,,,,,0.0,0.0,1.0,1.0,10,21
20,2S,3C,,,,,,0.0,0.0,1.0,1.0,5,9
21,10H,5S,,,,,,0.0,1.0,0.0,1.0,15,11
22,JH,8S,,,,,,0.0,1.0,0.0,1.0,18,16
23,5H,4H,,,,,,1.0,1.0,1.0,0.0,19,20
24,5H,4H,KC,,,,,0.0,1.0,0.0,1.0,19,29
25,5S,6C,,,,,,1.0,1.0,1.0,0.0,12,20
26,5S,6C,AH,,,,,0.0,0.0,1.0,1.0,12,20
27,6C,8D,,,,,,0.0,1.0,0.0,1.0,14,7
28,8C,QH,,,,,,1.0,0.0,0.0,1.0,23,13
29,7C,8D,,,,,,1.0,1.0,1.0,0.0,17,20
30,7C,8D,2D,,,,,0.0,0.0,1.0,1.0,17,20
31,10S,9H,,,,,,1.0,0.0,0.0,1.0,29,15
32,7D,QD,,,,,,1.0,0.0,0.0,1.0,26,12
33,JC,2D,,,,,,1.0,0.0,0.0,1.0,22,15
34,6H,8S,,,,,,0.0,1.0,0.0,1.0,14,23
35,3D,2C,,,,,,1.0,1.0,1.0,0.0,6,20
36,3D,2C,AD,,,,,0.0,1.0,0.0,1.0,16,23
37,JD,3D,,,,,,0.0,1.0,0.0,1.0,13,13
38,JC,KC,,,,,,0.0,1.0,0.0,1.0,20,17
39,3C,5C,,,,,,1.0,1.0,1.0,0.0,12,17
40,3C,5C,4D,,,,,0.0,1.0,0.0,1.0,12,25
41,KS,4H,,,,,,0.0,1.0,0.0,1.0,14,12
42,AS,9S,,,,,,1.0,1.0,1.0,0.0,20,20
43,AS,9S,10S,,,,,1.0,0.0,0.0,1.0,30,20
44,AD,9C,,,,,,0.0,1.0,0.0,1.0,20,14
45,7H,4D,,,,,,0.0,0.0,1.0,1.0,11,16
46,8H,2D,,,,,,1.0,1.0,1.0,0.0,14,18
47,8H,2D,4D,,,,,1.0,1.0,1.0,0.0,16,18
48,8H,2D,4D,2H,,,,0.0,1.0,0.0,1.0,16,28
49,3C,5H,,,,,,1.0,1.0,1.0,0.0,16,11
50,3C,5H,8C,,,,,0.0,1.0,0.0,1.0,16,11
51,KH,10S,,,,,,0.0,1.0,0.0,1.0,20,11
52,QH,9C,,,,,,1.0,0.0,0.0,1.0,29,6
53,JD,9S,,,,,,0.0,1.0,0.0,1.0,19,18
54,JC,3S,,,,,,0.0,0.0,1.0,1.0,13,20
55,5S,2C,,,,,,0.0,0.0,1.0,1.0,7,21
56,2S,8C,,,,,,0.0,0.0,1.0,1.0,10,20
57,4C,7S,,,,,,1.0,1.0,1.0,0.0,21,11
58,KS,2H,,,,,,0.0,0.0,1.0,1.0,12,18
59,9D,JS,,,,,,1.0,0.0,0.0,1.0,25,20
60,8D,AS,,,,,,1.0,1.0,1.0,0.0,12,15
61,8D,AS,3H,,,,,0.0,1.0,0.0,1.0,12,23
62,3S,AC,,,,,,0.0,0.0,1.0,1.0,14,21
63,5S,10D,,,,,,1.0,1.0,1.0,0.0,16,5
64,5S,10D,AH,,,,,1.0,0.0,0.0,1.0,23,15
65,4H,3S,,,,,,0.0,1.0,0.0,1.0,7,22
66,10S,3S,,,,,,0.0,1.0,0.0,1.0,13,22
67,7C,JC,,,,,,0.0,0.0,1.0,1.0,17,19
68,QS,JD,,,,,,0.0,1.0,0.0,1.0,20,14
69,5H,4C,,,,,,0.0,1.0,0.0,1.0,9,28
70,10D,KH,,,,,,0.0,1.0,0.0,1.0,20,20
71,AD,6D,,,,,,0.0,1.0,0.0,1.0,17,6
72,8S,7D,,,,,,0.0,1.0,0.0,1.0,15,12
73,3C,4H,,,,,,1.0,1.0,1.0,0.0,16,20
74,3C,4H,9C,,,,,1.0,0.0,0.0,1.0,26,20
75,KD,JH,,,,,,0.0,1.0,0.0,1.0,20,12
76,AC,7S,,,,,,1.0,1.0,1.0,0.0,9,9
77,AC,7S,AH,,,,,1.0,1.0,1.0,0.0,19,9
78,AC,7S,AH,10D,,,,0.0,1.0,0.0,1.0,19,13
79,KD,6S,,,,,,1.0,0.0,0.0,1.0,26,12
80,QC,9C,,,,,,1.0,0.0,0.0,1.0,23,15
81,9H,JH,,,,,,0.0,1.0,0.0,1.0,19,15
82,5D,KC,,,,,,0.0,0.0,1.0,1.0,15,19
83,2H,5D,,,,,,0.0,1.0,0.0,1.0,7,24
84,9H,6C,,,,,,0.0,0.0,1.0,1.0,15,19
85,8C,4D,,,,,,0.0,0.0,1.0,1.0,12,20
86,KS,2C,,,,,,1.0,0.0,0.0,1.0,22,13
87,5H,7H,,,,,,1.0,1.0,1.0,0.0,14,13
88,5H,7H,2H,,,,,1.0,1.0,1.0,0.0,15,13
89,5H,7H,2H,AC,,,,0.0,1.0,0.0,1.0,15,13
90,KH,7D,,,,,,1.0,1.0,1.0,0.0,19,12
91,KH,7D,2S,,,,,1.0,0.0,0.0,1.0,29,12
92,6D,4S,,,,,,0.0,0.0,1.0,1.0,10,18
93,2D,AS,,,,,,0.0,0.0,1.0,1.0,13,21
94,5S,6S,,,,,,1.0,1.0,1.0,0.0,15,20
95,5S,6S,4D,,,,,1.0,1.0,1.0,0.0,21,20
96,6D,8C,,,,,,1.0,0.0,0.0,1.0,24,16
97,7D,9C,,,,,,1.0,0.0,0.0,1.0,26,13
98,9S,4D,,,,,,1.0,1.0,1.0,0.0,17,18
99,9S,4D,4S,,,,,1.0,0.0,0.0,1.0,27,18
100,2D,JC,,,,,,1.0,1.0,1.0,0.0,13,11
101,2D,JC,AC,,,,,0.0,1.0,0.0,1.0,13,21
102,QC,3D,,,,,,1.0,0.0,0.0,1.0,23,17
103,10S,QS,,,,,,1.0,0.0,0.0,1.0,24,15
104,KS,3H,,,,,,1.0,1.0,1.0,0.0,19,17
105,KS,3H,6C,,,,,0.0,1.0,0.0,1.0,19,17
106,9C,9D,,,,,,1.0,1.0,1.0,0.0,21,14
107,4C,5S,,,,,,0.0,0.0,1.0,1.0,9,18
108,6D,KD,,,,,,1.0,0.0,0.0,1.0,26,4
109,AC,7H,,,,,,1.0,1.0,1.0,0.0,18,14
110,AC,7H,QS,,,,,0.0,1.0,0.0,1.0,18,14
111,6H,JD,,,,,,1.0,0.0,0.0,1.0,24,15
112,9S,2C,,,,,,1.0,1.0,1.0,0.0,15,17
113,9S,2C,4H,,,,,0.0,0.0,1.0,1.0,15,17
114,5S,3H,,,,,,0.0,0.0,1.0,1.0,8,21
115,QS,4D,,,,,,0.0,1.0,0.0,1.0,14,10
116,JD,3D,,,,,,1.0,1.0,1.0,0.0,17,20
117,JD,3D,4D,,,,,1.0,0.0,0.0,1.0,27,20
118,8H,QS,,,,,,0.0,1.0,0.0,1.0,18,17
119,8D,8H,,,,,,0.0,0.0,1.0,1.0,16,17
120,5S,2S,,,,,,0.0,0.0,1.0,1.0,7,19
121,3S,7S,,,,,,0.0,0.0,1.0,1.0,10,20
122,6S,5H,,,,,,1.0,1.0,1.0,0.0,16,9
123,6S,5H,5S,,,,,1.0,0.0,0.0,1.0,22,19
124,9D,5S,,,,,,0.0,1.0,0.0,1.0,14,30
125,6S,AD,,,,,,1.0,1.0,1.0,0.0,12,17
126,6S,AD,5D,,,,,1.0,1.0,1.0,0.0,16,17
127,6S,AD,5D,4C,,,,1.0,1.0,1.0,0.0,19,17
128,6S,AD,5D,4C,3H,,,1.0,0.0,0.0,1.0,29,17
129,QD,2H,,,,,,1.0,0.0,0.0,1.0,22,20
130,3C,6H,,,,,,1.0,1.0,1.0,0.0,18,10
131,3C,6H,9D,,,,,0.0,1.0,0.0,1.0,18,10
132,QC,8D,,,,,,0.0,1.0,0.0,1.0,18,12
133,8D,10D,,,,,,0.0,1.0,0.0,1.0,18,14
134,5D,3D,,,,,,0.0,1.0,0.0,1.0,8,23
135,5C,7C,,,,,,0.0,1.0,0.0,1.0,12,22
136,4C,KH,,,,,,1.0,1.0,1.0,0.0,21,12
137,8C,4C,,,,,,0.0,0.0,1.0,1.0,12,17
138,8S,4S,,,,,,0.0,1.0,0.0,1.0,12,30
139,QD,4D,,,,,,0.0,0.0,1.0,1.0,14,17
140,10H,6H,,,,,,0.0,1.0,0.0,1.0,16,23
141,9C,2H,,,,,,0.0,0.0,1.0,1.0,11,18
142,7H,2C,,,,,,1.0,1.0,1.0,0.0,17,15
143,7H,2C,8C,,,,,0.0,1.0,0.0,1.0,17,22
144,4S,2S,,,,,,0.0,0.0,1.0,1.0,6,18
145,KC,6S,,,,,,1.0,0.0,0.0,1.0,22,14
146,7C,KS,,,,,,1.0,0.0,0.0,1.0,27,17
147,9H,QC,,,,,,1.0,0.0,0.0,1.0,24,15
148,6H,2S,,,,,,1.0,1.0,1.0,0.0,17,14
149,6H,2S,9S,,,,,0.0,1.0,0.0,1.0,17,24
150,2C,4S,,,,,,0.0,0.0,1.0,1.0,6,14
151,4S,8C,,,,,,0.0,1.0,0.0,1.0,12,25
152,QD,9C,,,,,,0.0,0.0,1.0,1.0,19,21
153,4S,8C,,,,,,1.0,0.0,0.0,1.0,22,9
154,JD,3C,,,,,,1.0,1.0,1.0,0.0,20,13
155,JD,3C,7S,,,,,1.0,0.0,0.0,1.0,23,13
156,9C,5C,,,,,,1.0,0.0,0.0,1.0,24,9
157,4S,AC,,,,,,1.0,1.0,1.0,0.0,15,20
158,4S,AC,JD,,,,,1.0,1.0,1.0,0.0,16,20
159,4S,AC,JD,AH,,,,1.0,0.0,0.0,1.0,24,20
160,7C,10C,,,,,,1.0,0.0,0.0,1.0,24,16
161,2C,2H,,,,,,1.0,1.0,1.0,0.0,8,9
162,2C,2H,4S,,,,,0.0,0.0,1.0,1.0,8,19
163,5C,2H,,,,,,0.0,0.0,1.0,1.0,7,19
164,4C,AH,,,,,,1.0,1.0,1.0,0.0,6,18
165,4C,AH,AC,,,,,0.0,1.0,0.0,1.0,16,28
166,8S,QS,,,,,,0.0,1.0,0.0,1.0,18,14
167,JC,4D,,,,,,0.0,1.0,0.0,1.0,14,27
168,6D,6S,,,,,,0.0,1.0,0.0,1.0,12,8
169,JD,3S,,,,,,0.0,1.0,0.0,1.0,13,12
170,9D,KS,,,,,,0.0,1.0,0.0,1.0,19,19
171,9H,8D,,,,,,0.0,0.0,1.0,1.0,17,21
172,2H,8S,,,,,,0.0,0.0,1.0,1.0,10,18
173,JC,4H,,,,,,1.0,0.0,0.0,1.0,24,10
174,9S,AC,,,,,,0.0,1.0,0.0,1.0,20,14
175,4C,JC,,,,,,1.0,0.0,0.0,1.0,24,16
176,5S,6D,,,,,,0.0,0.0,1.0,1.0,11,16
177,KS,3C,,,,,,0.0,1.0,0.0,1.0,13,27
178,9C,JD,,,,,,1.0,0.0,0.0,1.0,29,14
179,JS,4D,,,,,,1.0,1.0,1.0,0.0,15,18
180,JS,4D,AH,,,,,0.0,1.0,0.0,1.0,15,28
181,7S,10D,,,,,,1.0,0.0,0.0,1.0,27,12
182,10S,5S,,,,,,0.0,0.0,1.0,1.0,15,20
183,6D,10S,,,,,,1.0,1.0,1.0,0.0,21,20
184,4H,8S,,,,,,1.0,1.0,1.0,0.0,20,20
185,4H,8S,8H,,,,,0.0,1.0,0.0,1.0,20,20
186,10C,8H,,,,,,1.0,0.0,0.0,1.0,28,11
187,7H,3D,,,,,,1.0,1.0,1.0,0.0,17,9
188,7H,3D,7D,,,,,0.0,0.0,1.0,1.0,17,19
189,KD,2D,,,,,,0.0,0.0,1.0,1.0,12,13
190,9C,8H,,,,,,1.0,1.0,1.0,0.0,21,8
191,6C,KC,,,,,,1.0,0.0,0.0,1.0,26,16
192,5D,4H,,,,,,1.0,1.0,1.0,0.0,15,20
193,5D,4H,6H,,,,,1.0,0.0,0.0,1.0,25,20
194,JS,2S,,,,,,1.0,1.0,1.0,0.0,20,19
195,JS,2S,8C,,,,,1.0,0.0,0.0,1.0,24,19
196,9S,4H,,,,,,1.0,1.0,1.0,0.0,18,4
197,9S,4H,5C,,,,,0.0,1.0,0.0,1.0,18,14
198,AC,7C,,,,,,1.0,1.0,1.0,0.0,9,11
199,AC,7C,AH,,,,,1.0,1.0,1.0,0.0,17,11
200,AC,7C,AH,8C,,,,0.0,1.0,0.0,1.0,17,21
201,KD,10C,,,,,,0.0,1.0,0.0,1.0,20,17
202,7H,QC,,,,,,0.0,0.0,1.0,1.0,17,20
203,9S,8S,,,,,,0.0,0.0,1.0,1.0,17,18
204,6C,KC,,,,,,1.0,1.0,1.0,0.0,19,7
205,6C,KC,3C,,,,,0.0,0.0,1.0,1.0,19,21
206,JH,2D,,,,,,1.0,1.0,1.0,0.0,13,18
207,JH,2D,AD,,,,,0.0,0.0,1.0,1.0,13,20
208,9H,7C,,,,,,1.0,0.0,0.0,1.0,26,11
209,7S,KD,,,,,,0.0,1.0,0.0,1.0,17,14
210,QC,7D,,,,,,0.0,1.0,0.0,1.0,17,12
211,JH,6H,,,,,,1.0,1.0,1.0,0.0,18,6
212,JH,6H,2S,,,,,1.0,1.0,1.0,0.0,19,6
213,JH,6H,2S,AH,,,,1.0,0.0,0.0,1.0,29,6
214,9H,7C,,,,,,0.0,1.0,0.0,1.0,16,25
215,5S,3D,,,,,,1.0,1.0,1.0,0.0,18,12
216,5S,3D,QH,,,,,1.0,0.0,0.0,1.0,26,12
217,5H,KC,,,,,,1.0,0.0,0.0,1.0,23,7
218,AC,3D,,,,,,1.0,1.0,1.0,0.0,14,8
219,AC,3D,QC,,,,,1.0,1.0,1.0,0.0,16,8
220,AC,3D,QC,2C,,,,1.0,1.0,1.0,0.0,18,8
221,AC,3D,QC,2C,2S,,,0.0,0.0,1.0,1.0,18,21
222,QS,2H,,,,,,0.0,1.0,0.0,1.0,12,12
223,JS,3H,,,,,,1.0,1.0,1.0,0.0,19,3
224,JS,3H,6C,,,,,0.0,1.0,0.0,1.0,19,12
225,JS,10H,,,,,,0.0,0.0,1.0,1.0,20,21
226,7H,4D,,,,,,1.0,1.0,1.0,0.0,19,15
227,7H,4D,8S,,,,,1.0,0.0,0.0,1.0,29,15
228,3D,4C,,,,,,0.0,1.0,0.0,1.0,7,25
229,JH,7C,,,,,,1.0,0.0,0.0,1.0,27,17
230,JS,5C,,,,,,1.0,1.0,1.0,0.0,16,19
231,JS,5C,AD,,,,,0.0,1.0,0.0,1.0,16,28
232,8D,10H,,,,,,0.0,1.0,0.0,1.0,18,17
233,5S,8D,,,,,,1.0,0.0,0.0,1.0,23,12
234,4H,6S,,,,,,1.0,1.0,1.0,0.0,15,11
235,4H,6S,5S,,,,,1.0,0.0,0.0,1.0,25,11
236,4S,4H,,,,,,1.0,1.0,1.0,0.0,10,17
237,4S,4H,2C,,,,,0.0,1.0,0.0,1.0,10,27
238,JS,7C,,,,,,1.0,1.0,1.0,0.0,19,7
239,JS,7C,2H,,,,,0.0,1.0,0.0,1.0,19,7
240,AD,9D,,,,,,1.0,1.0,1.0,0.0,20,11
241,AD,9D,JD,,,,,1.0,0.0,0.0,1.0,30,11
242,5C,6D,,,,,,1.0,1.0,1.0,0.0,14,16
243,5C,6D,3S,,,,,0.0,0.0,1.0,1.0,14,16
244,6D,4H,,,,,,1.0,1.0,1.0,0.0,18,18
245,6D,4H,8H,,,,,0.0,0.0,1.0,1.0,18,21
246,6S,10S,,,,,,0.0,0.0,1.0,1.0,16,17
247,9D,9S,,,,,,0.0,1.0,0.0,1.0,18,12
248,JH,9D,,,,,,1.0,0.0,0.0,1.0,22,21
249,JD,3C,,,,,,0.0,1.0,0.0,1.0,13,12
250,9S,JS,,,,,,0.0,1.0,0.0,1.0,19,9
251,4D,2C,,,,,,1.0,1.0,1.0,0.0,14,10
252,4D,2C,8D,,,,,1.0,1.0,1.0,0.0,15,10
253,4D,2C,8D,AC,,,,1.0,0.0,0.0,1.0,25,10
254,7S,QS,,,,,,1.0,0.0,0.0,1.0,26,13
255,5C,9S,,,,,,0.0,0.0,1.0,1.0,14,19
256,9S,2C,,,,,,1.0,1.0,1.0,0.0,21,12
257,KS,2H,,,,,,1.0,1.0,1.0,0.0,19,13
258,KS,2H,7C,,,,,1.0,0.0,0.0,1.0,28,13
259,QD,2D,,,,,,1.0,1.0,1.0,0.0,20,17
260,QD,2D,8D,,,,,0.0,1.0,0.0,1.0,20,27
261,3C,AD,,,,,,0.0,1.0,0.0,1.0,14,14
262,3H,8H,,,,,,0.0,1.0,0.0,1.0,11,7
263,JS,3H,,,,,,0.0,0.0,1.0,1.0,13,21
264,3D,KC,,,,,,0.0,0.0,1.0,1.0,13,15
265,9S,3D,,,,,,1.0,1.0,1.0,0.0,14,17
266,9S,3D,2D,,,,,0.0,1.0,0.0,1.0,14,27
267,JS,10S,,,,,,1.0,0.0,0.0,1.0,30,16
268,6H,AH,,,,,,0.0,1.0,0.0,1.0,17,11
269,4S,2H,,,,,,1.0,1.0,1.0,0.0,16,2
270,4S,2H,KS,,,,,0.0,1.0,0.0,1.0,16,13
271,6S,JC,,,,,,1.0,0.0,0.0,1.0,24,15
272,2S,10C,,,,,,1.0,1.0,1.0,0.0,18,14
273,2S,10C,6D,,,,,1.0,0.0,0.0,1.0,25,14
274,6C,9C,,,,,,1.0,0.0,0.0,1.0,25,21
275,KS,10H,,,,,,0.0,1.0,0.0,1.0,20,25
276,KH,KC,,,,,,0.0,1.0,0.0,1.0,20,17
277,KD,10H,,,,,,0.0,1.0,0.0,1.0,20,17
278,5C,JC,,,,,,1.0,0.0,0.0,1.0,24,18
279,3C,2H,,,,,,0.0,0.0,1.0,1.0,5,15
280,2D,4D,,,,,,1.0,1.0,1.0,0.0,14,9
281,2D,4D,8S,,,,,1.0,1.0,1.0,0.0,17,9
282,2D,4D,8S,3H,,,,1.0,0.0,0.0,1.0,26,9
283,9C,5C,,,,,,1.0,0.0,0.0,1.0,22,19
284,KS,7S,,,,,,1.0,0.0,0.0,1.0,27,16
285,10D,KC,,,,,,1.0,0.0,0.0,1.0,28,15
286,5S,KH,,,,,,0.0,1.0,0.0,1.0,15,15
287,5D,9C,,,,,,0.0,1.0,0.0,1.0,14,14
288,3S,7H,,,,,,1.0,1.0,1.0,0.0,20,10
289,3S,7H,JC,,,,,0.0,1.0,0.0,1.0,20,20
290,7H,6C,,,,,,0.0,1.0,0.0,1.0,13,24
291,9H,10S,,,,,,1.0,0.0,0.0,1.0,27,7
292,6S,5D,,,,,,1.0,1.0,1.0,0.0,13,20
293,6S,5D,2S,,,,,0.0,0.0,1.0,1.0,13,20
294,QH,2S,,,,,,1.0,1.0,1.0,0.0,13,11
295,QH,2S,AS,,,,,1.0,1.0,1.0,0.0,17,11
296,QH,2S,AS,4C,,,,0.0,1.0,0.0,1.0,17,11
297,JS,10H,,,,,,1.0,0.0,0.0,1.0,30,16
298,AD,7H,,,,,,0.0,0.0,1.0,1.0,18,21
299,5C,5S,,,,,,0.0,0.0,1.0,1.0,10,11
300,4H,10H,,,,,,0.0,0.0,1.0,1.0,14,20
301,7D,4S,,,,,,1.0,1.0,1.0,0.0,21,15
302,5D,2C,,,,,,1.0,1.0,1.0,0.0,17,14
303,5D,2C,KS,,,,,0.0,1.0,0.0,1.0,17,14
304,KD,6S,,,,,,0.0,0.0,1.0,1.0,16,21
305,9D,5D,,,,,,0.0,0.0,1.0,1.0,14,21
306,AH,7C,,,,,,1.0,1.0,1.0,0.0,12,13
307,AH,7C,4D,,,,,1.0,0.0,0.0,1.0,22,13
308,8H,9H,,,,,,1.0,1.0,1.0,0.0,20,12
309,8H,9H,3C,,,,,1.0,0.0,0.0,1.0,26,12
310,JD,JH,,,,,,0.0,1.0,0.0,1.0,20,15
311,AC,8D,,,,,,0.0,1.0,0.0,1.0,19,15
312,QS,5D,,,,,,1.0,1.0,1.0,0.0,16,13
313,QS,5D,AH,,,,,1.0,0.0,0.0,1.0,22,13
314,JC,JD,,,,,,0.0,1.0,0.0,1.0,20,28
315,10H,2D,,,,,,1.0,1.0,1.0,0.0,13,12
316,10H,2D,AD,,,,,1.0,1.0,1.0,0.0,16,12
317,10H,2D,AD,3C,,,,1.0,1.0,1.0,0.0,20,12
318,10H,2D,AD,3C,4D,,,1.0,1.0,1.0,0.0,21,12
319,QH,2C,,,,,,0.0,0.0,1.0,1.0,12,19
320,2S,2H,,,,,,0.0,0.0,1.0,1.0,4,20
321,8D,QD,,,,,,0.0,0.0,1.0,1.0,18,21
322,QS,5D,,,,,,1.0,1.0,1.0,0.0,20,11
323,QS,5D,5C,,,,,1.0,0.0,0.0,1.0,30,11
324,4S,5D,,,,,,1.0,1.0,1.0,0.0,15,16
325,4S,5D,6H,,,,,0.0,0.0,1.0,1.0,15,16
326,4S,5S,,,,,,0.0,1.0,0.0,1.0,9,7
327,3H,3D,,,,,,0.0,0.0,1.0,1.0,6,16
328,2H,5D,,,,,,0.0,0.0,1.0,1.0,7,16
329,9C,5D,,,,,,1.0,0.0,0.0,1.0,24,18
330,5H,KC,,,,,,1.0,0.0,0.0,1.0,25,18
331,KH,3H,,,,,,0.0,0.0,1.0,1.0,13,15
332,6H,QS,,,,,,0.0,0.0,1.0,1.0,16,17
333,2C,3D,,,,,,0.0,0.0,1.0,1.0,5,16
334,9S,9H,,,,,,1.0,0.0,0.0,1.0,24,16
335,10S,JD,,,,,,1.0,0.0,0.0,1.0,27,10
336,10H,2H,,,,,,1.0,0.0,0.0,1.0,22,10
337,2S,2D,,,,,,1.0,1.0,1.0,0.0,6,7
338,2S,2D,2H,,,,,0.0,0.0,1.0,1.0,6,7
339,2C,8H,,,,,,1.0,1.0,1.0,0.0,14,20
340,2C,8H,4H,,,,,0.0,1.0,0.0,1.0,14,30
341,QS,10S,,,,,,0.0,1.0,0.0,1.0,20,18
342,AD,3H,,,,,,1.0,1.0,1.0,0.0,7,15
343,AD,3H,3D,,,,,1.0,1.0,1.0,0.0,17,15
344,AD,3H,3D,KC,,,,0.0,1.0,0.0,1.0,17,22
345,6D,KS,,,,,,1.0,0.0,0.0,1.0,26,21
346,5D,JD,,,,,,1.0,1.0,1.0,0.0,21,15
347,2S,5C,,,,,,0.0,0.0,1.0,1.0,7,21
348,5D,9D,,,,,,1.0,0.0,0.0,1.0,24,13
349,9H,4C,,,,,,0.0,1.0,0.0,1.0,13,7
350,6D,3H,,,,,,0.0,0.0,1.0,1.0,9,12
351,KD,6C,,,,,,1.0,1.0,1.0,0.0,20,12
352,KD,6C,4D,,,,,0.0,1.0,0.0,1.0,20,15
353,4S,9C,,,,,,0.0,0.0,1.0,1.0,13,19
354,JH,3C,,,,,,1.0,1.0,1.0,0.0,19,15
355,JH,3C,6H,,,,,0.0,1.0,0.0,1.0,19,25
356,9S,3H,,,,,,0.0,0.0,1.0,1.0,12,20
357,6D,10S,,,,,,1.0,1.0,1.0,0.0,21,7
358,7H,6S,,,,,,0.0,0.0,1.0,1.0,13,20
359,JH,JC,,,,,,0.0,1.0,0.0,1.0,20,17
360,3D,AC,,,,,,1.0,1.0,1.0,0.0,13,13
361,3D,AC,9S,,,,,1.0,1.0,1.0,0.0,19,13
362,3D,AC,9S,6S,,,,0.0,1.0,0.0,1.0,19,14
363,8C,5H,,,,,,1.0,0.0,0.0,1.0,23,11
364,6C,KC,,,,,,0.0,1.0,0.0,1.0,16,29
365,QD,10D,,,,,,0.0,0.0,1.0,1.0,20,21
366,5S,8C,,,,,,0.0,1.0,0.0,1.0,13,9
367,4D,2H,,,,,,0.0,1.0,0.0,1.0,6,6
368,6C,3S,,,,,,0.0,0.0,1.0,1.0,9,12
369,6C,6D,,,,,,0.0,1.0,0.0,1.0,12,30
370,9C,JD,,,,,,0.0,1.0,0.0,1.0,19,7
371,QC,10H,,,,,,1.0,0.0,0.0,1.0,22,21
372,8H,4H,,,,,,0.0,0.0,1.0,1.0,12,14
373,2D,2S,,,,,,1.0,1.0,1.0,0.0,14,13
374,2D,2S,QC,,,,,0.0,1.0,0.0,1.0,14,29
375,10H,QD,,,,,,1.0,0.0,0.0,1.0,24,15
376,6S,QH,,,,,,0.0,1.0,0.0,1.0,16,22
377,4H,8D,,,,,,1.0,0.0,0.0,1.0,22,13
378,QC,4S,,,,,,1.0,1.0,1.0,0.0,20,12
379,QC,4S,6S,,,,,1.0,0.0,0.0,1.0,29,12
380,3D,2S,,,,,,0.0,1.0,0.0,1.0,5,24
381,JD,3D,,,,,,0.0,0.0,1.0,1.0,13,14
382,AS,8S,,,,,,0.0,1.0,0.0,1.0,19,16
383,6H,10S,,,,,,0.0,0.0,1.0,1.0,16,19
384,QH,JC,,,,,,1.0,0.0,0.0,1.0,30,18
385,5S,3H,,,,,,1.0,1.0,1.0,0.0,18,18
386,5S,3H,QS,,,,,1.0,0.0,0.0,1.0,28,18
387,4C,3H,,,,,,0.0,1.0,0.0,1.0,7,23
388,4S,8D,,,,,,0.0,1.0,0.0,1.0,12,12
389,9D,KC,,,,,,1.0,0.0,0.0,1.0,24,17
390,2C,7H,,,,,,0.0,0.0,1.0,1.0,9,19
391,AC,8H,,,,,,1.0,1.0,1.0,0.0,13,20
392,AC,8H,4D,,,,,0.0,0.0,1.0,1.0,13,20
393,3C,JC,,,,,,0.0,1.0,0.0,1.0,13,11
394,4D,2S,,,,,,1.0,1.0,1.0,0.0,13,13
395,4D,2S,7D,,,,,1.0,1.0,1.0,0.0,18,13
396,4D,2S,7D,5D,,,,0.0,1.0,0.0,1.0,18,13
397,6S,QD,,,,,,0.0,1.0,0.0,1.0,16,15
398,7D,QH,,,,,,1.0,1.0,1.0,0.0,19,11
399,7D,QH,2D,,,,,0.0,0.0,1.0,1.0,19,21
400,5S,2C,,,,,,0.0,0.0,1.0,1.0,7,17
401,3D,KS,,,,,,1.0,1.0,1.0,0.0,14,6
402,3D,KS,AC,,,,,0.0,1.0,0.0,1.0,14,6
403,3D,10S,,,,,,0.0,0.0,1.0,1.0,13,20
404,3S,4D,,,,,,0.0,0.0,1.0,1.0,7,17
405,6H,10C,,,,,,1.0,0.0,0.0,1.0,26,16
406,2C,AC,,,,,,0.0,0.0,1.0,1.0,13,16
407,10C,2C,,,,,,0.0,0.0,1.0,1.0,12,15
408,7C,6H,,,,,,1.0,1.0,1.0,0.0,19,10
409,7C,6H,6S,,,,,1.0,0.0,0.0,1.0,29,10
410,9S,8H,,,,,,0.0,1.0,0.0,1.0,17,24
411,3S,AC,,,,,,1.0,1.0,1.0,0.0,14,12
412,3S,AC,10D,,,,,1.0,0.0,0.0,1.0,23,12
413,9H,2S,,,,,,1.0,1.0,1.0,0.0,21,8
414,KH,5H,,,,,,0.0,1.0,0.0,1.0,15,12
415,JS,KD,,,,,,0.0,1.0,0.0,1.0,20,26
416,8H,KD,,,,,,0.0,0.0,1.0,1.0,18,21
417,9C,9H,,,,,,1.0,0.0,0.0,1.0,28,20
418,2H,7D,,,,,,1.0,1.0,1.0,0.0,18,13
419,2H,7D,9C,,,,,0.0,1.0,0.0,1.0,18,13
420,7D,JD,,,,,,0.0,0.0,1.0,1.0,17,19
421,4S,JS,,,,,,0.0,1.0,0.0,1.0,14,22
422,7D,AD,,,,,,0.0,0.0,1.0,1.0,18,20
423,7H,3S,,,,,,0.0,0.0,1.0,1.0,10,15
424,KD,9D,,,,,,0.0,1.0,0.0,1.0,19,10
425,QD,10S,,,,,,0.0,1.0,0.0,1.0,20,13
426,KD,9S,,,,,,1.0,0.0,0.0,1.0,29,17
427,10H,6H,,,,,,1.0,0.0,0.0,1.0,24,14
428,2C,QH,,,,,,0.0,1.0,0.0,1.0,12,22
429,3H,10C,,,,,,1.0,0.0,0.0,1.0,23,20
430,QS,8D,,,,,,1.0,1.0,1.0,0.0,20,6
431,QS,8D,2C,,,,,0.0,1.0,0.0,1.0,20,16
432,KC,10D,,,,,,0.0,1.0,0.0,1.0,20,5
433,3C,6C,,,,,,0.0,1.0,0.0,1.0,9,25
434,3D,6C,,,,,,0.0,0.0,1.0,1.0,9,17
435,6C,2D,,,,,,0.0,0.0,1.0,1.0,8,18
436,AS,2H,,,,,,0.0,0.0,1.0,1.0,13,18
437,6S,3H,,,,,,1.0,1.0,1.0,0.0,19,11
438,6S,3H,10D,,,,,0.0,0.0,1.0,1.0,19,21
439,5S,6C,,,,,,1.0,1.0,1.0,0.0,16,12
440,5S,6C,5C,,,,,0.0,1.0,0.0,1.0,16,12
441,7C,10D,,,,,,1.0,0.0,0.0,1.0,22,19
442,6D,5C,,,,,,0.0,0.0,1.0,1.0,11,16
443,7D,9H,,,,,,0.0,1.0,0.0,1.0,16,24
444,4S,5D,,,,,,0.0,0.0,1.0,1.0,9,21
445,3S,3C,,,,,,1.0,1.0,1.0,0.0,16,17
446,3S,3C,10S,,,,,0.0,0.0,1.0,1.0,16,17
447,QD,7C,,,,,,1.0,1.0,1.0,0.0,19,9
448,QD,7C,2C,,,,,0.0,1.0,0.0,1.0,19,9
449,7S,5H,,,,,,0.0,1.0,0.0,1.0,12,12
450,QC,5H,,,,,,0.0,0.0,1.0,1.0,15,18
451,3C,JH,,,,,,1.0,0.0,0.0,1.0,22,8
452,QH,8D,,,,,,1.0,1.0,1.0,0.0,19,10
453,QH,8D,AC,,,,,1.0,0.0,0.0,1.0,23,10
454,3H,9S,,,,,,0.0,1.0,0.0,1.0,12,5
455,AH,AS,,,,,,0.0,0.0,1.0,1.0,12,16
456,JH,2S,,,,,,1.0,1.0,1.0,0.0,16,11
457,JH,2S,4H,,,,,1.0,0.0,0.0,1.0,26,11
458,5S,2D,,,,,,0.0,1.0,0.0,1.0,7,6
459,2S,7D,,,,,,1.0,1.0,1.0,0.0,15,18
460,2S,7D,6S,,,,,0.0,0.0,1.0,1.0,15,18
461,7C,KH,,,,,,1.0,1.0,1.0,0.0,20,5
462,7C,KH,3S,,,,,0.0,1.0,0.0,1.0,20,25
463,3C,JD,,,,,,1.0,0.0,0.0,1.0,23,16
464,7S,3C,,,,,,0.0,0.0,1.0,1.0,10,20
465,4D,KS,,,,,,1.0,1.0,1.0,0.0,18,12
466,4D,KS,4C,,,,,0.0,1.0,0.0,1.0,18,12
467,5D,10S,,,,,,0.0,1.0,0.0,1.0,15,12
468,3D,8D,,,,,,0.0,0.0,1.0,1.0,11,17
469,QD,2H,,,,,,0.0,0.0,1.0,1.0,12,17
470,QD,4D,,,,,,0.0,1.0,0.0,1.0,14,14
471,QD,6C,,,,,,0.0,1.0,0.0,1.0,16,27
472,8D,10S,,,,,,0.0,1.0,0.0,1.0,18,12
473,6H,8C,,,,,,0.0,1.0,0.0,1.0,14,12
474,8D,3D,,,,,,0.0,1.0,0.0,1.0,11,25
475,2H,4S,,,,,,0.0,0.0,1.0,1.0,6,20
476,6C,9D,,,,,,1.0,1.0,1.0,0.0,20,5
477,6C,9D,5S,,,,,1.0,0.0,0.0,1.0,25,5
478,KH,9C,,,,,,0.0,1.0,0.0,1.0,19,9
479,9D,5H,,,,,,1.0,0.0,0.0,1.0,24,15
480,3H,AS,,,,,,0.0,0.0,1.0,1.0,14,21
481,9S,7C,,,,,,1.0,1.0,1.0,0.0,20,19
482,9S,7C,4H,,,,,1.0,0.0,0.0,1.0,24,19
483,7D,6H,,,,,,1.0,0.0,0.0,1.0,23,15
484,10D,KH,,,,,,0.0,1.0,0.0,1.0,20,29
485,8C,4S,,,,,,1.0,1.0,1.0,0.0,17,12
486,8C,4S,5H,,,,,0.0,1.0,0.0,1.0,17,16
487,6D,KS,,,,,,0.0,1.0,0.0,1.0,16,23
488,10H,KS,,,,,,0.0,1.0,0.0,1.0,20,15
489,AC,3D,,,,,,1.0,1.0,1.0,0.0,14,15
490,AC,3D,JD,,,,,0.0,0.0,1.0,1.0,14,17
491,KS,2D,,,,,,0.0,1.0,0.0,1.0,12,24
492,3H,10H,,,,,,0.0,1.0,0.0,1.0,13,22
493,KC,4H,,,,,,1.0,0.0,0.0,1.0,22,13
494,6D,QD,,,,,,0.0,0.0,1.0,1.0,16,21
495,3S,QS,,,,,,1.0,1.0,1.0,0.0,17,14
496,3S,QS,4H,,,,,0.0,1.0,0.0,1.0,17,24
497,JC,JS,,,,,,0.0,1.0,0.0,1.0,20,13
498,10C,8C,,,,,,0.0,1.0,0.0,1.0,18,25
499,QH,6D,,,,,,1.0,1.0,1.0,0.0,20,11
500,QH,6D,4S,,,,,0.0,0.0,1.0,1.0,20,21
501,QD,7D,,,,,,0.0,1.0,0.0,1.0,17,13
502,10C,5S,,,,,,0.0,0.0,1.0,1.0,15,16
503,6D,2D,,,,,,1.0,1.0,1.0,0.0,16,16
504,6D,2D,8D,,,,,1.0,0.0,0.0,1.0,26,16
505,6D,2H,,,,,,0.0,0.0,1.0,1.0,8,16
506,KH,5S,,,,,,0.0,1.0,0.0,1.0,15,24
507,2D,10C,,,,,,0.0,0.0,1.0,1.0,12,19
508,7H,8C,,,,,,0.0,1.0,0.0,1.0,15,23
509,KD,2S,,,,,,0.0,0.0,1.0,1.0,12,21
510,QS,8H,,,,,,1.0,1.0,1.0,0.0,20,12
511,QS,8H,2D,,,,,1.0,0.0,0.0,1.0,27,12
512,KH,QS,,,,,,1.0,0.0,0.0,1.0,23,13
513,10C,2S,,,,,,1.0,1.0,1.0,0.0,19,15
514,10C,2S,7S,,,,,1.0,0.0,0.0,1.0,22,15
515,7H,AC,,,,,,0.0,0.0,1.0,1.0,18,15
516,QC,KH,,,,,,0.0,0.0,1.0,1.0,20,21
517,4C,3H,,,,,,1.0,1.0,1.0,0.0,9,11
518,4C,3H,2C,,,,,0.0,0.0,1.0,1.0,9,21
519,9D,10S,,,,,,1.0,1.0,1.0,0.0,20,9
520,9D,10S,AH,,,,,0.0,1.0,0.0,1.0,20,29
521,10H,7D,,,,,,1.0,0.0,0.0,1.0,22,14
522,9C,8H,,,,,,1.0,1.0,1.0,0.0,21,19
523,9C,JS,,,,,,0.0,1.0,0.0,1.0,19,13
524,6C,JS,,,,,,0.0,1.0,0.0,1.0,16,24
525,9H,QD,,,,,,1.0,0.0,0.0,1.0,22,18
526,8H,9H,,,,,,0.0,0.0,1.0,1.0,17,21
527,7S,5H,,,,,,0.0,1.0,0.0,1.0,12,25
528,9D,2S,,,,,,0.0,1.0,0.0,1.0,11,22
529,4H,7H,,,,,,0.0,0.0,1.0,1.0,11,13
530,9S,AH,,,,,,1.0,1.0,1.0,0.0,13,20
531,9S,AH,3C,,,,,1.0,1.0,1.0,0.0,19,20
532,9S,AH,3C,6D,,,,1.0,0.0,0.0,1.0,27,20
533,5C,KC,,,,,,0.0,0.0,1.0,1.0,15,17
534,4C,4H,,,,,,0.0,0.0,1.0,1.0,8,12
535,9S,7D,,,,,,1.0,1.0,1.0,0.0,21,15
536,5H,5C,,,,,,0.0,0.0,1.0,1.0,10,18
537,7C,8D,,,,,,0.0,1.0,0.0,1.0,15,10
538,7S,6S,,,,,,0.0,1.0,0.0,1.0,13,12
539,10D,JC,,,,,,0.0,1.0,0.0,1.0,20,12
540,JD,JS,,,,,,0.0,1.0,0.0,1.0,20,28
541,6C,6S,,,,,,1.0,1.0,1.0,0.0,21,8
542,KD,9H,,,,,,1.0,0.0,0.0,1.0,24,6
543,9H,10C,,,,,,1.0,0.0,0.0,1.0,29,14
544,6D,5C,,,,,,0.0,0.0,1.0,1.0,11,21
545,10C,JC,,,,,,1.0,0.0,0.0,1.0,30,11
546,KH,JS,,,,,,1.0,0.0,0.0,1.0,30,15
547,8D,5C,,,,,,0.0,1.0,0.0,1.0,13,28
548,7S,8C,,,,,,1.0,0.0,0.0,1.0,25,17
549,QS,JS,,,,,,1.0,0.0,0.0,1.0,30,14
550,6H,KS,,,,,,1.0,1.0,1.0,0.0,20,10
551,6H,KS,4D,,,,,1.0,0.0,0.0,1.0,27,20
552,AD,3H,,,,,,1.0,1.0,1.0,0.0,10,19
553,AD,3H,6H,,,,,0.0,1.0,0.0,1.0,20,24
554,2H,10C,,,,,,0.0,0.0,1.0,1.0,12,21
555,7H,QD,,,,,,1.0,0.0,0.0,1.0,25,8
556,2H,6H,,,,,,1.0,1.0,1.0,0.0,18,15
557,2H,6H,10H,,,,,1.0,0.0,0.0,1.0,27,15
558,5H,9C,,,,,,0.0,1.0,0.0,1.0,14,14
559,5D,10S,,,,,,1.0,0.0,0.0,1.0,23,20
560,QC,4S,,,,,,0.0,1.0,0.0,1.0,14,14
561,JS,9D,,,,,,1.0,1.0,1.0,0.0,21,18
562,9H,7C,,,,,,1.0,0.0,0.0,1.0,26,21
563,6C,7D,,,,,,0.0,0.0,1.0,1.0,13,15
564,9H,5C,,,,,,0.0,0.0,1.0,1.0,14,19
565,6D,KC,,,,,,1.0,0.0,0.0,1.0,23,14
566,6C,KS,,,,,,0.0,0.0,1.0,1.0,16,18
567,AD,8S,,,,,,0.0,0.0,1.0,1.0,19,21
568,QS,8C,,,,,,1.0,0.0,0.0,1.0,25,15
569,2S,JC,,,,,,0.0,0.0,1.0,1.0,12,19
570,6H,2S,,,,,,0.0,0.0,1.0,1.0,8,20
571,AH,3C,,,,,,1.0,1.0,1.0,0.0,14,11
572,AH,3C,JH,,,,,1.0,0.0,0.0,1.0,23,21
573,QH,JD,,,,,,1.0,0.0,0.0,1.0,30,10
574,8D,QS,,,,,,1.0,0.0,0.0,1.0,28,12
575,10H,JS,,,,,,1.0,0.0,0.0,1.0,30,16
576,6H,7D,,,,,,1.0,0.0,0.0,1.0,23,13
577,7H,3H,,,,,,0.0,1.0,0.0,1.0,10,22
578,6D,JD,,,,,,0.0,1.0,0.0,1.0,16,25
579,3H,JH,,,,,,1.0,0.0,0.0,1.0,23,14
580,9S,9C,,,,,,0.0,1.0,0.0,1.0,18,12
581,4C,QH,,,,,,1.0,0.0,0.0,1.0,24,5
582,3D,2S,,,,,,1.0,1.0,1.0,0.0,15,11
583,3D,2S,QS,,,,,1.0,0.0,0.0,1.0,22,11
584,9D,QS,,,,,,1.0,0.0,0.0,1.0,22,18
585,7S,QS,,,,,,1.0,1.0,1.0,0.0,20,4
586,7S,QS,3S,,,,,1.0,0.0,0.0,1.0,30,4
587,2D,10C,,,,,,1.0,1.0,1.0,0.0,17,15
588,2D,10C,5H,,,,,0.0,1.0,0.0,1.0,17,15
589,5D,4S,,,,,,1.0,1.0,1.0,0.0,13,11
590,5D,4S,4H,,,,,1.0,1.0,1.0,0.0,20,11
591,5D,4S,4H,7H,,,,0.0,0.0,1.0,1.0,20,21
592,2S,6C,,,,,,0.0,1.0,0.0,1.0,8,23
593,2D,6D,,,,,,0.0,0.0,1.0,1.0,8,15
594,AH,4H,,,,,,1.0,1.0,1.0,0.0,8,12
595,AH,4H,3H,,,,,1.0,1.0,1.0,0.0,18,12
596,AH,4H,3H,QH,,,,0.0,1.0,0.0,1.0,18,12
597,AS,3C,,,,,,0.0,1.0,0.0,1.0,14,29
598,4H,10S,,,,,,1.0,1.0,1.0,0.0,15,11
599,4H,10S,AD,,,,,1.0,1.0,1.0,0.0,18,11
600,4H,10S,AD,3D,,,,0.0,1.0,0.0,1.0,18,21
601,10C,JS,,,,,,0.0,1.0,0.0,1.0,20,24
602,7S,4C,,,,,,0.0,1.0,0.0,1.0,11,26
603,JD,QC,,,,,,0.0,1.0,0.0,1.0,20,13
604,AD,9C,,,,,,1.0,1.0,1.0,0.0,20,12
605,AD,9C,KH,,,,,1.0,1.0,1.0,0.0,21,12
606,QD,8H,,,,,,1.0,0.0,0.0,1.0,24,19
607,6S,5D,,,,,,1.0,1.0,1.0,0.0,21,20
608,8S,AD,,,,,,0.0,1.0,0.0,1.0,19,25
609,9D,7S,,,,,,1.0,0.0,0.0,1.0,25,13
610,QH,QS,,,,,,1.0,0.0,0.0,1.0,25,16
611,4H,10H,,,,,,1.0,1.0,1.0,0.0,17,17
612,4H,10H,3C,,,,,0.0,1.0,0.0,1.0,17,27
613,10C,3D,,,,,,1.0,0.0,0.0,1.0,23,8
614,2D,4C,,,,,,1.0,1.0,1.0,0.0,13,4
615,2D,4C,7D,,,,,1.0,0.0,0.0,1.0,23,4
616,5C,10S,,,,,,1.0,0.0,0.0,1.0,23,16
617,3S,JD,,,,,,0.0,0.0,1.0,1.0,13,15
618,4S,3C,,,,,,0.0,0.0,1.0,1.0,7,18
619,7D,6D,,,,,,1.0,1.0,1.0,0.0,19,17
620,7D,6D,6S,,,,,1.0,0.0,0.0,1.0,25,17
621,4C,4D,,,,,,0.0,0.0,1.0,1.0,8,21
622,7D,9H,,,,,,0.0,1.0,0.0,1.0,16,14
623,8C,5S,,,,,,0.0,0.0,1.0,1.0,13,14
624,3H,4H,,,,,,1.0,1.0,1.0,0.0,11,13
625,3H,4H,4S,,,,,1.0,1.0,1.0,0.0,21,13
626,7C,6C,,,,,,1.0,0.0,0.0,1.0,23,11
627,2S,AC,,,,,,1.0,1.0,1.0,0.0,4,12
628,2S,AC,AD,,,,,1.0,1.0,1.0,0.0,10,12
629,2S,AC,AD,6C,,,,0.0,1.0,0.0,1.0,20,22
630,2S,AH,,,,,,0.0,0.0,1.0,1.0,13,21
631,2D,AD,,,,,,1.0,1.0,1.0,0.0,13,12
632,2D,AD,QS,,,,,1.0,1.0,1.0,0.0,17,12
633,2D,AD,QS,4D,,,,1.0,0.0,0.0,1.0,24,12
634,7C,JS,,,,,,1.0,1.0,1.0,0.0,21,11
635,8H,7H,,,,,,0.0,1.0,0.0,1.0,15,13
636,6D,9H,,,,,,1.0,0.0,0.0,1.0,23,12
637,8S,8C,,,,,,1.0,0.0,0.0,1.0,26,13
638,4C,KD,,,,,,0.0,1.0,0.0,1.0,14,26
639,JD,KD,,,,,,1.0,0.0,0.0,1.0,28,16
640,AD,AC,,,,,,1.0,1.0,1.0,0.0,11,20
641,AD,AC,9C,,,,,1.0,1.0,1.0,0.0,21,20
642,5C,7D,,,,,,0.0,0.0,1.0,1.0,12,15
643,9H,8C,,,,,,0.0,1.0,0.0,1.0,17,11
644,5C,3C,,,,,,1.0,1.0,1.0,0.0,13,16
645,5C,3C,5S,,,,,1.0,1.0,1.0,0.0,18,16
646,5C,3C,5S,5H,,,,1.0,0.0,0.0,1.0,28,16
647,AC,6C,,,,,,1.0,1.0,1.0,0.0,8,14
648,AC,6C,AD,,,,,1.0,1.0,1.0,0.0,12,14
649,AC,6C,AD,4S,,,,0.0,1.0,0.0,1.0,12,22
650,7D,AD,,,,,,1.0,1.0,1.0,0.0,18,19
651,7D,AD,10C,,,,,1.0,1.0,1.0,0.0,19,19
652,7D,AD,10C,AS,,,,0.0,1.0,0.0,1.0,19,26
653,3D,7H,,,,,,0.0,0.0,1.0,1.0,10,19
654,10S,6S,,,,,,1.0,1.0,1.0,0.0,18,6
655,10S,6S,2S,,,,,1.0,0.0,0.0,1.0,28,16
656,8S,7H,,,,,,0.0,0.0,1.0,1.0,15,16
657,9S,6D,,,,,,0.0,1.0,0.0,1.0,15,25
658,6C,8H,,,,,,1.0,0.0,0.0,1.0,24,6
659,8D,AS,,,,,,1.0,1.0,1.0,0.0,17,16
660,8D,AS,8S,,,,,1.0,0.0,0.0,1.0,27,16
661,AD,7C,,,,,,0.0,1.0,0.0,1.0,18,14
662,2C,8C,,,,,,1.0,1.0,1.0,0.0,16,11
663,2C,8C,6H,,,,,1.0,0.0,0.0,1.0,26,11
664,QC,6D,,,,,,0.0,0.0,1.0,1.0,16,21
665,10H,4H,,,,,,0.0,0.0,1.0,1.0,14,17
666,6C,4S,,,,,,0.0,0.0,1.0,1.0,10,19
667,9S,QD,,,,,,1.0,0.0,0.0,1.0,25,9
668,QD,3C,,,,,,1.0,1.0,1.0,0.0,20,17
669,QD,3C,7D,,,,,0.0,1.0,0.0,1.0,20,17
670,5H,9S,,,,,,1.0,0.0,0.0,1.0,24,18
671,2H,3H,,,,,,1.0,1.0,1.0,0.0,12,16
672,2H,3H,7H,,,,,0.0,1.0,0.0,1.0,12,26
673,5H,6C,,,,,,1.0,1.0,1.0,0.0,21,7
674,5C,7C,,,,,,1.0,1.0,1.0,0.0,21,19
675,5D,6C,,,,,,1.0,1.0,1.0,0.0,13,14
676,5D,6C,2S,,,,,1.0,0.0,0.0,1.0,23,14
677,4C,KH,,,,,,0.0,1.0,0.0,1.0,14,28
678,3H,9C,,,,,,0.0,0.0,1.0,1.0,12,20
679,8C,9D,,,,,,1.0,1.0,1.0,0.0,19,14
680,8C,9D,2S,,,,,1.0,0.0,0.0,1.0,27,14
681,QD,6D,,,,,,1.0,1.0,1.0,0.0,21,17
682,7C,10C,,,,,,1.0,1.0,1.0,0.0,21,3
683,7D,10H,,,,,,0.0,0.0,1.0,1.0,17,19
684,KD,6C,,,,,,0.0,1.0,0.0,1.0,16,30
685,JS,6H,,,,,,0.0,0.0,1.0,1.0,16,20
686,JS,KD,,,,,,0.0,0.0,1.0,1.0,20,21
687,KS,8D,,,,,,0.0,1.0,0.0,1.0,18,14
688,6C,AD,,,,,,1.0,1.0,1.0,0.0,16,13
689,6C,AD,9H,,,,,1.0,1.0,1.0,0.0,17,13
690,6C,AD,9H,AC,,,,0.0,1.0,0.0,1.0,17,13
691,4S,9C,,,,,,1.0,0.0,0.0,1.0,23,6
692,3S,AH,,,,,,0.0,0.0,1.0,1.0,14,21
693,3D,3S,,,,,,1.0,1.0,1.0,0.0,16,11
694,3D,3S,KH,,,,,0.0,1.0,0.0,1.0,16,11
695,JC,4H,,,,,,0.0,1.0,0.0,1.0,14,7
696,QC,6H,,,,,,1.0,1.0,1.0,0.0,18,19
697,QC,6H,2C,,,,,1.0,0.0,0.0,1.0,25,19
698,9D,6S,,,,,,1.0,1.0,1.0,0.0,18,14
699,9D,6S,3D,,,,,1.0,0.0,0.0,1.0,24,14
700,KH,JH,,,,,,0.0,1.0,0.0,1.0,20,18
701,5C,JS,,,,,,0.0,1.0,0.0,1.0,15,23
702,10C,JH,,,,,,0.0,1.0,0.0,1.0,20,13
703,2H,JC,,,,,,0.0,0.0,1.0,1.0,12,15
704,AD,7S,,,,,,1.0,1.0,1.0,0.0,14,16
705,AD,7S,6C,,,,,1.0,0.0,0.0,1.0,23,16
706,KS,5H,,,,,,0.0,0.0,1.0,1.0,15,20
707,9D,10D,,,,,,0.0,1.0,0.0,1.0,19,18
708,AS,2H,,,,,,1.0,1.0,1.0,0.0,10,20
709,AS,2H,7H,,,,,0.0,1.0,0.0,1.0,20,29
710,7D,AC,,,,,,0.0,1.0,0.0,1.0,18,16
711,2C,9H,,,,,,1.0,1.0,1.0,0.0,21,19
712,4D,2S,,,,,,0.0,0.0,1.0,1.0,6,21
713,6S,3S,,,,,,1.0,1.0,1.0,0.0,19,13
714,6S,3S,KH,,,,,1.0,0.0,0.0,1.0,26,13
715,3S,10S,,,,,,1.0,0.0,0.0,1.0,22,18
716,JH,5H,,,,,,1.0,0.0,0.0,1.0,25,7
717,6H,AH,,,,,,0.0,0.0,1.0,1.0,17,21
718,AH,7D,,,,,,0.0,1.0,0.0,1.0,18,28
719,2C,6H,,,,,,1.0,1.0,1.0,0.0,12,20
720,2C,6H,4D,,,,,0.0,0.0,1.0,1.0,12,20
721,9D,2H,,,,,,1.0,1.0,1.0,0.0,21,11
722,10H,8H,,,,,,1.0,1.0,1.0,0.0,20,4
723,10H,8H,2S,,,,,1.0,0.0,0.0,1.0,28,14
724,3S,JC,,,,,,1.0,1.0,1.0,0.0,21,18
725,KS,5C,,,,,,1.0,0.0,0.0,1.0,23,18
726,8S,6C,,,,,,1.0,0.0,0.0,1.0,23,14
727,10H,2D,,,,,,1.0,1.0,1.0,0.0,16,12
728,10H,2D,4H,,,,,0.0,1.0,0.0,1.0,16,12
729,9H,5C,,,,,,1.0,0.0,0.0,1.0,24,19
730,6C,5H,,,,,,1.0,1.0,1.0,0.0,20,15
731,6C,5H,9H,,,,,1.0,0.0,0.0,1.0,27,15
732,3D,JC,,,,,,0.0,1.0,0.0,1.0,13,25
733,5C,4H,,,,,,1.0,1.0,1.0,0.0,14,11
734,5C,4H,5D,,,,,1.0,1.0,1.0,0.0,19,11
735,5C,4H,5D,5H,,,,0.0,0.0,1.0,1.0,19,21
736,4H,JD,,,,,,1.0,1.0,1.0,0.0,21,15
737,6C,9H,,,,,,1.0,0.0,0.0,1.0,25,16
738,4D,5D,,,,,,1.0,1.0,1.0,0.0,16,10
739,4D,5D,7C,,,,,1.0,1.0,1.0,0.0,20,10
740,4D,5D,7C,4C,,,,0.0,1.0,0.0,1.0,20,10
741,7C,5H,,,,,,0.0,0.0,1.0,1.0,12,20
742,4C,8C,,,,,,1.0,0.0,0.0,1.0,22,15
743,4H,10H,,,,,,1.0,0.0,0.0,1.0,23,8
744,10S,QC,,,,,,1.0,0.0,0.0,1.0,26,13
745,JH,9S,,,,,,0.0,1.0,0.0,1.0,19,30
746,6H,8C,,,,,,0.0,1.0,0.0,1.0,14,22
747,9D,10D,,,,,,0.0,0.0,1.0,1.0,19,20
748,6H,3H,,,,,,0.0,0.0,1.0,1.0,9,15
749,8D,9S,,,,,,1.0,0.0,0.0,1.0,27,12
750,QD,KC,,,,,,0.0,1.0,0.0,1.0,20,19
751,5D,AH,,,,,,1.0,1.0,1.0,0.0,7,13
752,5D,AH,AC,,,,,1.0,1.0,1.0,0.0,8,13
753,5D,AH,AC,AS,,,,0.0,1.0,0.0,1.0,18,13
754,3H,QC,,,,,,0.0,0.0,1.0,1.0,13,21
755,JH,7C,,,,,,0.0,1.0,0.0,1.0,17,16
756,2S,10H,,,,,,0.0,1.0,0.0,1.0,12,24
757,KH,6S,,,,,,0.0,0.0,1.0,1.0,16,19
758,2S,5D,,,,,,0.0,0.0,1.0,1.0,7,14
759,2C,5S,,,,,,0.0,1.0,0.0,1.0,7,22
760,3S,5C,,,,,,1.0,1.0,1.0,0.0,18,11
761,3S,5C,10D,,,,,1.0,1.0,1.0,0.0,19,11
762,3S,5C,10D,AS,,,,0.0,1.0,0.0,1.0,19,11
763,4S,8C,,,,,,1.0,0.0,0.0,1.0,22,17
764,AD,5D,,,,,,0.0,1.0,0.0,1.0,16,5
765,7S,10H,,,,,,1.0,0.0,0.0,1.0,24,19
766,6D,4H,,,,,,0.0,0.0,1.0,1.0,10,20
767,2C,6C,,,,,,0.0,0.0,1.0,1.0,8,11
768,7D,7H,,,,,,0.0,1.0,0.0,1.0,14,22
769,4S,10D,,,,,,1.0,0.0,0.0,1.0,23,20
770,3C,QC,,,,,,0.0,1.0,0.0,1.0,13,12
771,7C,JS,,,,,,1.0,0.0,0.0,1.0,27,19
772,7H,7S,,,,,,1.0,1.0,1.0,0.0,18,20
773,7H,7S,4D,,,,,0.0,0.0,1.0,1.0,18,20
774,QS,6H,,,,,,0.0,1.0,0.0,1.0,16,12
775,QH,QS,,,,,,1.0,0.0,0.0,1.0,26,11
776,5H,KC,,,,,,1.0,1.0,1.0,0.0,21,10
777,10S,6H,,,,,,0.0,1.0,0.0,1.0,16,14
778,2D,5D,,,,,,0.0,0.0,1.0,1.0,7,21
779,10S,2D,,,,,,0.0,0.0,1.0,1.0,12,17
780,5C,10H,,,,,,1.0,1.0,1.0,0.0,17,3
781,5C,10H,2D,,,,,0.0,1.0,0.0,1.0,17,17
782,6C,KC,,,,,,0.0,1.0,0.0,1.0,16,11
783,2H,8S,,,,,,1.0,1.0,1.0,0.0,20,20
784,2H,8S,QC,,,,,0.0,1.0,0.0,1.0,20,23
785,4S,QD,,,,,,1.0,1.0,1.0,0.0,21,12
786,8H,10C,,,,,,0.0,1.0,0.0,1.0,18,28
787,2H,9S,,,,,,1.0,1.0,1.0,0.0,21,20
788,3H,AS,,,,,,0.0,0.0,1.0,1.0,14,13
789,8C,3S,,,,,,1.0,1.0,1.0,0.0,15,17
790,8C,3S,4S,,,,,1.0,0.0,0.0,1.0,25,17
791,3H,KS,,,,,,0.0,0.0,1.0,1.0,13,19
792,KC,5C,,,,,,1.0,1.0,1.0,0.0,18,7
793,KC,5C,3S,,,,,0.0,1.0,0.0,1.0,18,14
794,QS,9C,,,,,,0.0,1.0,0.0,1.0,19,5
795,5D,2S,,,,,,0.0,1.0,0.0,1.0,7,29
796,7D,QH,,,,,,0.0,1.0,0.0,1.0,17,15
797,KD,5C,,,,,,0.0,1.0,0.0,1.0,15,29
798,9S,AD,,,,,,0.0,1.0,0.0,1.0,20,20
799,3D,10C,,,,,,0.0,0.0,1.0,1.0,13,15
800,9C,5D,,,,,,1.0,0.0,0.0,1.0,24,13
801,8H,KC,,,,,,0.0,0.0,1.0,1.0,18,19
802,KC,8C,,,,,,1.0,0.0,0.0,1.0,23,14
803,2H,2C,,,,,,0.0,0.0,1.0,1.0,4,20
804,QH,5C,,,,,,1.0,1.0,1.0,0.0,19,14
805,QH,5C,4D,,,,,1.0,0.0,0.0,1.0,22,14
806,6H,4H,,,,,,0.0,0.0,1.0,1.0,10,21
807,8H,6H,,,,,,0.0,1.0,0.0,1.0,14,25
808,6D,3C,,,,,,0.0,0.0,1.0,1.0,9,15
809,3D,AS,,,,,,1.0,1.0,1.0,0.0,10,11
810,3D,AS,6D,,,,,0.0,0.0,1.0,1.0,20,21
811,JD,10C,,,,,,1.0,0.0,0.0,1.0,27,17
812,2H,10D,,,,,,0.0,1.0,0.0,1.0,12,12
813,3D,AH,,,,,,1.0,1.0,1.0,0.0,7,13
814,3D,AH,3H,,,,,0.0,1.0,0.0,1.0,17,13
815,5S,AH,,,,,,1.0,1.0,1.0,0.0,16,12
816,5S,AH,QC,,,,,0.0,1.0,0.0,1.0,16,22
817,JH,KH,,,,,,1.0,0.0,0.0,1.0,28,17
818,QS,2D,,,,,,0.0,0.0,1.0,1.0,12,21
819,5C,7H,,,,,,1.0,0.0,0.0,1.0,22,15
820,9C,10C,,,,,,0.0,1.0,0.0,1.0,19,12
821,9H,7H,,,,,,1.0,1.0,1.0,0.0,19,12
822,9H,7H,3D,,,,,1.0,0.0,0.0,1.0,28,12
823,5S,7C,,,,,,1.0,1.0,1.0,0.0,18,19
824,5S,7C,6C,,,,,0.0,0.0,1.0,1.0,18,19
825,2C,QD,,,,,,1.0,1.0,1.0,0.0,13,14
826,2C,QD,AH,,,,,0.0,0.0,1.0,1.0,13,14
827,AH,5S,,,,,,0.0,1.0,0.0,1.0,16,16
828,QD,JD,,,,,,1.0,0.0,0.0,1.0,22,17
829,5S,QS,,,,,,0.0,0.0,1.0,1.0,15,16
830,KH,9D,,,,,,1.0,0.0,0.0,1.0,26,16
831,AD,6C,,,,,,1.0,1.0,1.0,0.0,17,13
832,AD,6C,JH,,,,,1.0,0.0,0.0,1.0,27,13
833,5D,QD,,,,,,0.0,1.0,0.0,1.0,15,23
834,AH,4D,,,,,,0.0,1.0,0.0,1.0,15,25
835,8S,7D,,,,,,1.0,1.0,1.0,0.0,17,10
836,8S,7D,2C,,,,,0.0,1.0,0.0,1.0,17,10
837,AH,3D,,,,,,0.0,1.0,0.0,1.0,14,10
838,JC,6C,,,,,,1.0,1.0,1.0,0.0,20,11
839,JC,6C,4D,,,,,1.0,0.0,0.0,1.0,22,21
840,8C,6D,,,,,,1.0,1.0,1.0,0.0,15,11
841,8C,6D,AC,,,,,1.0,0.0,0.0,1.0,23,11
842,QS,10D,,,,,,0.0,1.0,0.0,1.0,20,8
843,9S,10H,,,,,,0.0,0.0,1.0,1.0,19,20
844,QS,3H,,,,,,1.0,0.0,0.0,1.0,23,14
845,JS,2S,,,,,,0.0,1.0,0.0,1.0,12,30
846,8D,5S,,,,,,1.0,1.0,1.0,0.0,19,20
847,8D,5S,6H,,,,,0.0,0.0,1.0,1.0,19,20
848,2D,4H,,,,,,1.0,1.0,1.0,0.0,11,16
849,2D,4H,5D,,,,,1.0,1.0,1.0,0.0,21,16
850,7C,4H,,,,,,1.0,1.0,1.0,0.0,16,14
851,7C,4H,5H,,,,,1.0,0.0,0.0,1.0,23,14
852,7D,3D,,,,,,1.0,1.0,1.0,0.0,15,12
853,7D,3D,5S,,,,,1.0,1.0,1.0,0.0,16,12
854,7D,3D,5S,AC,,,,1.0,1.0,1.0,0.0,21,12
855,KH,3H,,,,,,1.0,1.0,1.0,0.0,18,9
856,KH,3H,5S,,,,,0.0,0.0,1.0,1.0,18,19
857,8D,JS,,,,,,0.0,1.0,0.0,1.0,18,22
858,KD,2H,,,,,,1.0,0.0,0.0,1.0,22,14
859,6C,5S,,,,,,0.0,1.0,0.0,1.0,11,25
860,5C,6C,,,,,,1.0,1.0,1.0,0.0,12,13
861,5C,6C,AS,,,,,0.0,1.0,0.0,1.0,12,23
862,10C,6C,,,,,,0.0,0.0,1.0,1.0,16,18
863,9C,10C,,,,,,1.0,0.0,0.0,1.0,29,14
864,8S,AH,,,,,,1.0,1.0,1.0,0.0,13,20
865,8S,AH,4D,,,,,1.0,0.0,0.0,1.0,23,20
866,JC,7D,,,,,,0.0,0.0,1.0,1.0,17,19
867,4H,10C,,,,,,1.0,1.0,1.0,0.0,17,8
868,4H,10C,3S,,,,,0.0,0.0,1.0,1.0,17,18
869,5H,KH,,,,,,0.0,1.0,0.0,1.0,15,26
870,KS,KC,,,,,,0.0,1.0,0.0,1.0,20,13
871,2D,KD,,,,,,0.0,0.0,1.0,1.0,12,20
872,9D,4S,,,,,,0.0,1.0,0.0,1.0,13,25
873,2D,JC,,,,,,0.0,0.0,1.0,1.0,12,21
874,10D,3H,,,,,,1.0,0.0,0.0,1.0,23,6
875,2H,QC,,,,,,1.0,1.0,1.0,0.0,16,15
876,2H,QC,4S,,,,,0.0,1.0,0.0,1.0,16,15
877,JH,5C,,,,,,1.0,0.0,0.0,1.0,24,16
878,3C,7S,,,,,,0.0,0.0,1.0,1.0,10,18
879,5C,JC,,,,,,1.0,0.0,0.0,1.0,25,15
880,JC,2S,,,,,,0.0,1.0,0.0,1.0,12,12
881,7C,3H,,,,,,1.0,1.0,1.0,0.0,20,9
882,7C,3H,QS,,,,,1.0,0.0,0.0,1.0,23,9
883,8C,5D,,,,,,0.0,1.0,0.0,1.0,13,7
884,9H,2C,,,,,,0.0,0.0,1.0,1.0,11,12
885,2C,KC,,,,,,0.0,0.0,1.0,1.0,12,13
886,3S,3H,,,,,,1.0,1.0,1.0,0.0,12,19
887,3S,3H,6C,,,,,1.0,1.0,1.0,0.0,19,19
888,3S,3H,6C,7C,,,,1.0,0.0,0.0,1.0,29,19
889,3H,5D,,,,,,1.0,1.0,1.0,0.0,12,11
890,3H,5D,4H,,,,,1.0,1.0,1.0,0.0,16,11
891,3H,5D,4H,4S,,,,1.0,1.0,1.0,0.0,21,11
892,8S,10H,,,,,,1.0,0.0,0.0,1.0,28,13
893,KH,JD,,,,,,0.0,1.0,0.0,1.0,20,20
894,10C,9S,,,,,,0.0,1.0,0.0,1.0,19,16
895,3D,10H,,,,,,1.0,0.0,0.0,1.0,23,16
896,KS,6S,,,,,,0.0,1.0,0.0,1.0,16,14
897,KD,10D,,,,,,1.0,0.0,0.0,1.0,29,14
898,8C,QH,,,,,,1.0,1.0,1.0,0.0,20,5
899,8C,QH,2D,,,,,0.0,1.0,0.0,1.0,20,15
900,5H,2C,,,,,,0.0,0.0,1.0,1.0,7,12
901,5H,4H,,,,,,1.0,1.0,1.0,0.0,18,7
902,5H,4H,9D,,,,,0.0,1.0,0.0,1.0,18,26
903,8S,2D,,,,,,0.0,0.0,1.0,1.0,10,13
904,2S,4S,,,,,,1.0,1.0,1.0,0.0,12,15
905,2S,4S,6C,,,,,1.0,1.0,1.0,0.0,15,15
906,2S,4S,6C,3H,,,,1.0,1.0,1.0,0.0,16,15
907,2S,4S,6C,3H,AS,,,1.0,0.0,0.0,1.0,24,15
908,JH,QH,,,,,,1.0,0.0,0.0,1.0,23,20
909,10C,4S,,,,,,0.0,0.0,1.0,1.0,14,17
910,6C,3D,,,,,,0.0,0.0,1.0,1.0,9,12
911,3D,10H,,,,,,1.0,0.0,0.0,1.0,23,20
912,5S,JC,,,,,,1.0,1.0,1.0,0.0,17,15
913,5S,JC,2H,,,,,1.0,1.0,1.0,0.0,19,15
914,5S,JC,2H,2D,,,,1.0,0.0,0.0,1.0,27,15
915,10C,QD,,,,,,1.0,1.0,1.0,0.0,21,12
916,JC,8S,,,,,,0.0,0.0,1.0,1.0,18,19
917,2H,10S,,,,,,0.0,1.0,0.0,1.0,12,26
918,JD,2H,,,,,,1.0,0.0,0.0,1.0,22,11
919,8C,4D,,,,,,1.0,1.0,1.0,0.0,19,15
920,8C,4D,7C,,,,,0.0,1.0,0.0,1.0,19,25
921,6D,8S,,,,,,0.0,1.0,0.0,1.0,14,24
922,3S,5C,,,,,,0.0,0.0,1.0,1.0,8,19
923,10C,4H,,,,,,1.0,1.0,1.0,0.0,19,10
924,10C,4H,5D,,,,,1.0,0.0,0.0,1.0,24,10
925,JH,QS,,,,,,0.0,1.0,0.0,1.0,20,25
926,AS,8S,,,,,,0.0,1.0,0.0,1.0,19,15
927,JH,7C,,,,,,0.0,0.0,1.0,1.0,17,21
928,KS,10S,,,,,,1.0,0.0,0.0,1.0,28,15
929,8D,2C,,,,,,0.0,1.0,0.0,1.0,10,8
930,9D,4S,,,,,,0.0,1.0,0.0,1.0,13,24
931,3C,8D,,,,,,0.0,0.0,1.0,1.0,11,12
932,3H,6S,,,,,,0.0,1.0,0.0,1.0,9,28
933,JD,4S,,,,,,0.0,1.0,0.0,1.0,14,27
934,JC,3C,,,,,,0.0,1.0,0.0,1.0,13,13
935,JS,5S,,,,,,0.0,1.0,0.0,1.0,15,27
936,JH,4C,,,,,,0.0,0.0,1.0,1.0,14,18
937,2S,9D,,,,,,1.0,1.0,1.0,0.0,21,13
938,7H,10H,,,,,,1.0,0.0,0.0,1.0,27,20
939,2H,10H,,,,,,1.0,0.0,0.0,1.0,22,19
940,QH,9H,,,,,,0.0,0.0,1.0,1.0,19,21
941,QC,10C,,,,,,0.0,0.0,1.0,1.0,20,21
942,7C,KC,,,,,,0.0,1.0,0.0,1.0,17,15
943,10D,QC,,,,,,0.0,1.0,0.0,1.0,20,19
944,AS,5C,,,,,,1.0,1.0,1.0,0.0,10,19
945,AS,5C,4C,,,,,1.0,1.0,1.0,0.0,13,19
946,AS,5C,4C,3S,,,,0.0,1.0,0.0,1.0,13,29
947,3H,KS,,,,,,1.0,1.0,1.0,0.0,18,15
948,3H,KS,5D,,,,,1.0,0.0,0.0,1.0,23,15
949,JS,3C,,,,,,0.0,0.0,1.0,1.0,13,20
950,6H,4H,,,,,,0.0,0.0,1.0,1.0,10,21
951,7H,4C,,,,,,1.0,1.0,1.0,0.0,21,19
952,QH,KC,,,,,,1.0,0.0,0.0,1.0,22,7
953,3C,4D,,,,,,1.0,1.0,1.0,0.0,17,13
954,3C,4D,KD,,,,,1.0,1.0,1.0,0.0,18,13
955,3C,4D,KD,AH,,,,0.0,1.0,0.0,1.0,18,13
956,8C,QS,,,,,,1.0,1.0,1.0,0.0,20,17
957,8C,QS,2S,,,,,1.0,0.0,0.0,1.0,26,17
958,JD,7S,,,,,,1.0,0.0,0.0,1.0,23,6
959,7H,3S,,,,,,1.0,1.0,1.0,0.0,20,9
960,7H,3S,KS,,,,,1.0,0.0,0.0,1.0,30,9
961,AD,4H,,,,,,1.0,1.0,1.0,0.0,10,17
962,AD,4H,5S,,,,,0.0,1.0,0.0,1.0,20,17
963,KS,7H,,,,,,1.0,0.0,0.0,1.0,27,5
964,8S,8D,,,,,,0.0,1.0,0.0,1.0,16,15
965,2D,10D,,,,,,0.0,0.0,1.0,1.0,12,20
966,7S,JC,,,,,,0.0,1.0,0.0,1.0,17,10
967,8H,9S,,,,,,0.0,1.0,0.0,1.0,17,13
968,6C,3D,,,,,,0.0,0.0,1.0,1.0,9,10
969,AC,5C,,,,,,1.0,1.0,1.0,0.0,11,14
970,AC,5C,5H,,,,,1.0,1.0,1.0,0.0,21,14
971,6H,4S,,,,,,1.0,1.0,1.0,0.0,20,18
972,6H,4S,KH,,,,,1.0,1.0,1.0,0.0,21,18
973,4H,9H,,,,,,1.0,1.0,1.0,0.0,16,20
974,4H,9H,3D,,,,,0.0,0.0,1.0,1.0,16,20
975,5H,4C,,,,,,1.0,1.0,1.0,0.0,15,18
976,5H,4C,6C,,,,,0.0,1.0,0.0,1.0,15,28
977,AC,9S,,,,,,0.0,1.0,0.0,1.0,20,24
978,6S,2D,,,,,,0.0,0.0,1.0,1.0,8,15
979,6D,8S,,,,,,1.0,1.0,1.0,0.0,17,13
980,6D,8S,3H,,,,,0.0,1.0,0.0,1.0,17,13
981,QS,7D,,,,,,0.0,1.0,0.0,1.0,17,30
982,KH,JS,,,,,,1.0,0.0,0.0,1.0,30,10
983,JD,3D,,,,,,1.0,0.0,0.0,1.0,23,21
984,KC,9D,,,,,,0.0,1.0,0.0,1.0,19,15
985,10H,8S,,,,,,0.0,1.0,0.0,1.0,18,15
986,4H,QD,,,,,,1.0,0.0,0.0,1.0,24,10
987,5S,9S,,,,,,0.0,0.0,1.0,1.0,14,21
988,7C,8H,,,,,,0.0,1.0,0.0,1.0,15,15
989,3D,JC,,,,,,1.0,1.0,1.0,0.0,16,7
990,3D,JC,3C,,,,,1.0,1.0,1.0,0.0,17,7
991,3D,JC,3C,AS,,,,0.0,1.0,0.0,1.0,17,7
992,2H,4D,,,,,,0.0,0.0,1.0,1.0,6,15
993,9C,KH,,,,,,0.0,1.0,0.0,1.0,19,12
994,JC,3D,,,,,,0.0,0.0,1.0,1.0,13,20
995,6S,JS,,,,,,0.0,0.0,1.0,1.0,16,18
996,8S,7H,,,,,,0.0,0.0,1.0,1.0,15,16
997,JH,6D,,,,,,0.0,0.0,1.0,1.0,16,20
998,9D,3D,,,,,,1.0,1.0,1.0,0.0,18,11
999,9D,3D,6C,,,,,0.0,0.0,1.0,1.0,18,21
1000,AC,9C,,,,,,1.0,1.0,1.0,0.0,16,13
1001,AC,9C,6H,,,,,0.0,1.0,0.0,1.0,16,13
1002,7H,JS,,,,,,1.0,1.0,1.0,0.0,21,7
1003,6D,2C,,,,,,1.0,1.0,1.0,0.0,17,15
1004,6D,2C,9D,,,,,1.0,0.0,0.0,1.0,26,15
1005,QC,5S,,,,,,0.0,1.0,0.0,1.0,15,14
1006,9H,QD,,,,,,0.0,0.0,1.0,1.0,19,21
1007,5H,4D,,,,,,1.0,1.0,1.0,0.0,18,16
1008,5H,4D,9D,,,,,1.0,0.0,0.0,1.0,28,16
1009,JS,QC,,,,,,1.0,0.0,0.0,1.0,23,13
1010,4S,3C,,,,,,0.0,0.0,1.0,1.0,7,18
1011,7S,6H,,,,,,1.0,1.0,1.0,0.0,14,15
1012,7S,6H,AS,,,,,1.0,1.0,1.0,0.0,21,15
1013,2H,10S,,,,,,1.0,1.0,1.0,0.0,13,16
1014,2H,10S,AS,,,,,0.0,1.0,0.0,1.0,13,26
1015,8H,3S,,,,,,1.0,1.0,1.0,0.0,15,16
1016,8H,3S,4C,,,,,1.0,1.0,1.0,0.0,20,16
1017,8H,3S,4C,5D,,,,1.0,0.0,0.0,1.0,27,16
1018,7D,QD,,,,,,0.0,1.0,0.0,1.0,17,14
1019,8S,6H,,,,,,1.0,1.0,1.0,0.0,15,7
1020,8S,6H,AS,,,,,1.0,1.0,1.0,0.0,20,7
1021,8S,6H,AS,5S,,,,0.0,1.0,0.0,1.0,20,24
1022,JH,4D,,,,,,0.0,1.0,0.0,1.0,14,9
1023,6D,AS,,,,,,0.0,1.0,0.0,1.0,17,9
1024,4D,7S,,,,,,1.0,1.0,1.0,0.0,21,16
1025,6C,7S,,,,,,0.0,0.0,1.0,1.0,13,20
1026,4C,AD,,,,,,0.0,0.0,1.0,1.0,15,21
1027,6H,3S,,,,,,0.0,0.0,1.0,1.0,9,12
1028,6C,QC,,,,,,0.0,0.0,1.0,1.0,16,18
1029,JH,5H,,,,,,1.0,0.0,0.0,1.0,23,16
1030,4H,QH,,,,,,1.0,1.0,1.0,0.0,20,10
1031,4H,QH,6S,,,,,1.0,0.0,0.0,1.0,23,10
1032,AH,3C,,,,,,1.0,1.0,1.0,0.0,10,8
1033,AH,3C,6S,,,,,1.0,1.0,1.0,0.0,14,8
1034,AH,3C,6S,4D,,,,1.0,0.0,0.0,1.0,22,8
1035,7S,AS,,,,,,0.0,1.0,0.0,1.0,18,27
1036,4D,QH,,,,,,1.0,0.0,0.0,1.0,24,10
1037,2H,9H,,,,,,0.0,0.0,1.0,1.0,11,14
1038,JH,2H,,,,,,1.0,1.0,1.0,0.0,17,13
1039,JH,2H,5H,,,,,0.0,1.0,0.0,1.0,17,13
1040,QH,2H,,,,,,1.0,0.0,0.0,1.0,22,17
1041,2S,AC,,,,,,1.0,1.0,1.0,0.0,11,10
1042,2S,AC,8D,,,,,1.0,1.0,1.0,0.0,21,10
1043,9H,2S,,,,,,0.0,1.0,0.0,1.0,11,5
1044,JD,KC,,,,,,0.0,1.0,0.0,1.0,20,23
1045,KD,6S,,,,,,1.0,0.0,0.0,1.0,26,14
1046,7S,3C,,,,,,1.0,1.0,1.0,0.0,19,7
1047,7S,3C,9H,,,,,0.0,1.0,0.0,1.0,19,7
1048,QH,KS,,,,,,0.0,1.0,0.0,1.0,20,17
1049,5C,AC,,,,,,0.0,0.0,1.0,1.0,16,20
1050,5D,QS,,,,,,1.0,0.0,0.0,1.0,25,21
1051,JC,6C,,,,,,1.0,1.0,1.0,0.0,20,15
1052,JC,6C,4D,,,,,0.0,1.0,0.0,1.0,20,25
1053,KH,10C,,,,,,0.0,1.0,0.0,1.0,20,14
1054,JD,2S,,,,,,0.0,1.0,0.0,1.0,12,12
1055,10D,5C,,,,,,0.0,0.0,1.0,1.0,15,20
1056,8C,AH,,,,,,0.0,1.0,0.0,1.0,19,17
1057,9D,4S,,,,,,1.0,0.0,0.0,1.0,23,12
1058,2H,6C,,,,,,0.0,0.0,1.0,1.0,8,20
1059,3H,AS,,,,,,0.0,1.0,0.0,1.0,14,12
1060,9S,8C,,,,,,0.0,1.0,0.0,1.0,17,26
1061,10S,4S,,,,,,1.0,1.0,1.0,0.0,19,15
1062,10S,4S,5S,,,,,1.0,0.0,0.0,1.0,22,15
1063,2H,KH,,,,,,0.0,1.0,0.0,1.0,12,9
1064,4D,7H,,,,,,0.0,0.0,1.0,1.0,11,13
1065,8S,10H,,,,,,0.0,0.0,1.0,1.0,18,19
1066,JC,7H,,,,,,0.0,1.0,0.0,1.0,17,25
1067,2H,JH,,,,,,1.0,1.0,1.0,0.0,14,11
1068,2H,JH,2D,,,,,0.0,0.0,1.0,1.0,14,21
1069,9C,9H,,,,,,0.0,1.0,0.0,1.0,18,11
1070,9C,3C,,,,,,1.0,1.0,1.0,0.0,19,6
1071,9C,3C,7H,,,,,1.0,0.0,0.0,1.0,24,6
1072,10H,KS,,,,,,0.0,1.0,0.0,1.0,20,20
1073,QD,8C,,,,,,1.0,0.0,0.0,1.0,24,12
1074,KD,JC,,,,,,0.0,1.0,0.0,1.0,20,26
1075,AD,6C,,,,,,1.0,1.0,1.0,0.0,17,10
1076,AD,6C,10C,,,,,1.0,1.0,1.0,0.0,21,10
1077,4C,10C,,,,,,1.0,0.0,0.0,1.0,23,18
1078,4H,6S,,,,,,0.0,0.0,1.0,1.0,10,15
1079,JH,6C,,,,,,1.0,0.0,0.0,1.0,22,12
1080,3S,9H,,,,,,1.0,0.0,0.0,1.0,22,16
1081,7C,10D,,,,,,0.0,1.0,0.0,1.0,17,15
1082,AH,2H,,,,,,1.0,1.0,1.0,0.0,7,12
1083,AH,2H,4S,,,,,1.0,1.0,1.0,0.0,12,12
1084,AH,2H,4S,5S,,,,1.0,1.0,1.0,0.0,15,12
1085,AH,2H,4S,5S,3H,,,1.0,0.0,0.0,1.0,25,12
1086,10H,2D,,,,,,1.0,1.0,1.0,0.0,17,10
1087,10H,2D,5C,,,,,1.0,1.0,1.0,0.0,18,10
1088,10H,2D,5C,AS,,,,0.0,1.0,0.0,1.0,18,22
1089,4D,KD,,,,,,0.0,1.0,0.0,1.0,14,25
1090,8H,QD,,,,,,0.0,0.0,1.0,1.0,18,20
1091,QD,7H,,,,,,0.0,1.0,0.0,1.0,17,24
1092,KD,JC,,,,,,0.0,1.0,0.0,1.0,20,20
1093,10C,9H,,,,,,0.0,1.0,0.0,1.0,19,11
1094,AH,8S,,,,,,0.0,1.0,0.0,1.0,19,23
1095,7H,KS,,,,,,1.0,1.0,1.0,0.0,18,12
1096,7H,KS,AS,,,,,1.0,0.0,0.0,1.0,28,12
1097,2C,KH,,,,,,1.0,0.0,0.0,1.0,22,12
1098,3D,3C,,,,,,1.0,1.0,1.0,0.0,9,17
1099,3D,3C,3S,,,,,0.0,1.0,0.0,1.0,9,25
1100,8D,8H,,,,,,0.0,0.0,1.0,1.0,16,20
1101,10H,JS,,,,,,0.0,1.0,0.0,1.0,20,23
1102,4S,9H,,,,,,1.0,0.0,0.0,1.0,22,12
1103,10D,JS,,,,,,0.0,1.0,0.0,1.0,20,28
1104,2H,JH,,,,,,1.0,0.0,0.0,1.0,22,12
1105,9S,JC,,,,,,0.0,1.0,0.0,1.0,19,17
1106,8S,6D,,,,,,0.0,0.0,1.0,1.0,14,21
1107,5S,9C,,,,,,0.0,1.0,0.0,1.0,14,13
1108,5H,JH,,,,,,0.0,1.0,0.0,1.0,15,11
1109,10D,6H,,,,,,0.0,1.0,0.0,1.0,16,22
1110,8S,AD,,,,,,1.0,1.0,1.0,0.0,12,11
1111,8S,AD,3S,,,,,0.0,0.0,1.0,1.0,12,20
1112,JH,QD,,,,,,1.0,0.0,0.0,1.0,22,13
1113,5H,7C,,,,,,0.0,0.0,1.0,1.0,12,21
1114,10C,JC,,,,,,1.0,1.0,1.0,0.0,21,20
1115,6C,2C,,,,,,0.0,0.0,1.0,1.0,8,20
1116,7D,2H,,,,,,0.0,0.0,1.0,1.0,9,16
1117,9C,5S,,,,,,1.0,0.0,0.0,1.0,23,18
1118,AH,AC,,,,,,0.0,0.0,1.0,1.0,12,19
1119,4D,AH,,,,,,0.0,0.0,1.0,1.0,15,17
1120,QC,9S,,,,,,0.0,1.0,0.0,1.0,19,23
1121,5S,JD,,,,,,1.0,0.0,0.0,1.0,25,21
1122,7C,8H,,,,,,1.0,0.0,0.0,1.0,25,12
1123,3D,KH,,,,,,1.0,1.0,1.0,0.0,16,14
1124,3D,KH,3H,,,,,0.0,1.0,0.0,1.0,16,14
1125,7S,QS,,,,,,1.0,1.0,1.0,0.0,18,6
1126,7S,QS,AH,,,,,0.0,1.0,0.0,1.0,18,6
1127,3D,8D,,,,,,0.0,0.0,1.0,1.0,11,17
1128,KH,QH,,,,,,0.0,1.0,0.0,1.0,20,26
1129,5S,QC,,,,,,0.0,1.0,0.0,1.0,15,25
1130,9C,4H,,,,,,0.0,1.0,0.0,1.0,13,24
1131,8H,2C,,,,,,0.0,0.0,1.0,1.0,10,17
1132,3C,10S,,,,,,0.0,1.0,0.0,1.0,13,23
1133,4D,6S,,,,,,0.0,0.0,1.0,1.0,10,14
1134,JD,3C,,,,,,0.0,1.0,0.0,1.0,13,28
1135,10S,8C,,,,,,1.0,0.0,0.0,1.0,23,13
1136,JD,KS,,,,,,1.0,0.0,0.0,1.0,30,14
1137,7H,JC,,,,,,1.0,0.0,0.0,1.0,27,16
1138,10D,5C,,,,,,1.0,1.0,1.0,0.0,18,11
1139,10D,5C,3C,,,,,1.0,0.0,0.0,1.0,24,11
1140,3D,AS,,,,,,0.0,1.0,0.0,1.0,14,24
1141,10S,KD,,,,,,1.0,0.0,0.0,1.0,23,13
1142,QH,9D,,,,,,0.0,1.0,0.0,1.0,19,15
1143,8S,3S,,,,,,0.0,0.0,1.0,1.0,11,21
1144,2S,5D,,,,,,0.0,0.0,1.0,1.0,7,19
1145,10D,9H,,,,,,0.0,1.0,0.0,1.0,19,12
1146,4C,5H,,,,,,1.0,1.0,1.0,0.0,19,20
1147,4C,5H,JS,,,,,1.0,0.0,0.0,1.0,27,20
1148,4H,8C,,,,,,0.0,1.0,0.0,1.0,12,25
1149,AS,2S,,,,,,1.0,1.0,1.0,0.0,7,15
1150,AS,2S,4D,,,,,0.0,1.0,0.0,1.0,17,28
1151,9C,7H,,,,,,1.0,1.0,1.0,0.0,19,19
1152,9C,7H,3S,,,,,1.0,1.0,1.0,0.0,21,19
1153,4C,5H,,,,,,0.0,1.0,0.0,1.0,9,29
1154,3D,4D,,,,,,1.0,1.0,1.0,0.0,13,20
1155,3D,4D,6C,,,,,1.0,0.0,0.0,1.0,23,20
1156,10S,JD,,,,,,0.0,1.0,0.0,1.0,20,23
1157,8C,QD,,,,,,1.0,0.0,0.0,1.0,26,17
1158,10S,5D,,,,,,1.0,1.0,1.0,0.0,21,13
1159,3C,2S,,,,,,1.0,1.0,1.0,0.0,11,19
1160,3C,2S,6C,,,,,1.0,1.0,1.0,0.0,16,19
1161,3C,2S,6C,5D,,,,0.0,1.0,0.0,1.0,16,29
1162,KD,QH,,,,,,1.0,0.0,0.0,1.0,22,16
1163,5H,6D,,,,,,1.0,1.0,1.0,0.0,20,6
1164,5H,6D,9D,,,,,0.0,1.0,0.0,1.0,20,6
1165,8H,10C,,,,,,0.0,0.0,1.0,1.0,18,20
1166,7D,5C,,,,,,1.0,1.0,1.0,0.0,14,12
1167,7D,5C,2H,,,,,0.0,1.0,0.0,1.0,14,28
1168,6D,10D,,,,,,0.0,0.0,1.0,1.0,16,18
1169,AH,6S,,,,,,1.0,1.0,1.0,0.0,11,11
1170,AH,6S,4H,,,,,0.0,0.0,1.0,1.0,21,21
1171,9S,2S,,,,,,1.0,1.0,1.0,0.0,21,20
1172,10D,2C,,,,,,0.0,0.0,1.0,1.0,12,21
1173,10C,3D,,,,,,1.0,0.0,0.0,1.0,22,20
1174,10S,4H,,,,,,1.0,1.0,1.0,0.0,18,18
1175,10S,4H,4S,,,,,1.0,0.0,0.0,1.0,28,18
1176,6S,6C,,,,,,0.0,0.0,1.0,1.0,12,19
1177,3S,3C,,,,,,0.0,1.0,0.0,1.0,6,23
1178,4C,6C,,,,,,1.0,1.0,1.0,0.0,20,10
1179,4C,6C,KS,,,,,1.0,0.0,0.0,1.0,30,10
1180,7H,3D,,,,,,1.0,1.0,1.0,0.0,16,6
1181,7H,3D,6D,,,,,1.0,0.0,0.0,1.0,26,16
1182,10S,3D,,,,,,1.0,0.0,0.0,1.0,23,13
1183,JD,QD,,,,,,1.0,0.0,0.0,1.0,29,7
1184,KH,7D,,,,,,0.0,0.0,1.0,1.0,17,19
1185,10S,4H,,,,,,0.0,1.0,0.0,1.0,14,7
1186,4D,8D,,,,,,1.0,1.0,1.0,0.0,17,16
1187,4D,8D,5D,,,,,1.0,1.0,1.0,0.0,20,16
1188,4D,8D,5D,3D,,,,1.0,0.0,0.0,1.0,24,16
1189,QH,2C,,,,,,1.0,0.0,0.0,1.0,22,11
1190,9S,9D,,,,,,1.0,0.0,0.0,1.0,28,17
1191,2D,6H,,,,,,1.0,1.0,1.0,0.0,14,13
1192,2D,6H,6S,,,,,0.0,1.0,0.0,1.0,14,13
1193,QC,QD,,,,,,1.0,0.0,0.0,1.0,29,12
1194,8S,QS,,,,,,1.0,0.0,0.0,1.0,28,20
1195,QS,5D,,,,,,1.0,0.0,0.0,1.0,22,15
1196,9H,7D,,,,,,1.0,0.0,0.0,1.0,26,18
1197,JS,10C,,,,,,0.0,1.0,0.0,1.0,20,19
1198,4D,5C,,,,,,0.0,0.0,1.0,1.0,9,18
1199,QC,6C,,,,,,1.0,0.0,0.0,1.0,24,8
1200,KS,2C,,,,,,0.0,0.0,1.0,1.0,12,15
1201,10C,8H,,,,,,1.0,0.0,0.0,1.0,28,16
1202,10H,8H,,,,,,1.0,0.0,0.0,1.0,27,16
1203,2S,7S,,,,,,0.0,0.0,1.0,1.0,9,19
1204,AS,7D,,,,,,0.0,0.0,1.0,1.0,18,20
1205,KD,6C,,,,,,1.0,0.0,0.0,1.0,26,19
1206,9C,8C,,,,,,0.0,0.0,1.0,1.0,17,18
1207,3S,5H,,,,,,0.0,0.0,1.0,1.0,8,21
1208,9C,4S,,,,,,0.0,0.0,1.0,1.0,13,19
1209,5C,AH,,,,,,1.0,1.0,1.0,0.0,16,18
1210,5C,AH,QS,,,,,1.0,0.0,0.0,1.0,26,18
1211,2S,QD,,,,,,0.0,0.0,1.0,1.0,12,21
1212,6H,10H,,,,,,1.0,1.0,1.0,0.0,17,12
1213,6H,10H,AC,,,,,1.0,1.0,1.0,0.0,18,12
1214,6H,10H,AC,AS,,,,1.0,0.0,0.0,1.0,23,12
1215,KD,7D,,,,,,0.0,0.0,1.0,1.0,17,19
1216,5D,6D,,,,,,1.0,1.0,1.0,0.0,19,6
1217,5D,6D,8H,,,,,1.0,0.0,0.0,1.0,28,16
1218,9H,3D,,,,,,0.0,0.0,1.0,1.0,12,19
1219,6C,8D,,,,,,0.0,0.0,1.0,1.0,14,21
1220,AD,5H,,,,,,0.0,1.0,0.0,1.0,16,24
1221,QH,7S,,,,,,1.0,0.0,0.0,1.0,26,14
1222,JC,4D,,,,,,1.0,1.0,1.0,0.0,18,19
1223,JC,4D,4H,,,,,0.0,1.0,0.0,1.0,18,22
1224,4D,2C,,,,,,1.0,1.0,1.0,0.0,16,14
1225,4D,2C,JC,,,,,1.0,0.0,0.0,1.0,26,14
1226,QC,JC,,,,,,0.0,0.0,1.0,1.0,20,21
1227,2S,4D,,,,,,1.0,1.0,1.0,0.0,7,17
1228,2S,4D,AH,,,,,1.0,1.0,1.0,0.0,17,17
1229,2S,4D,AH,QS,,,,0.0,1.0,0.0,1.0,17,17
1230,3D,7D,,,,,,1.0,1.0,1.0,0.0,20,12
1231,3D,7D,10C,,,,,0.0,1.0,0.0,1.0,20,12
1232,JC,8H,,,,,,0.0,1.0,0.0,1.0,18,22
1233,2C,JS,,,,,,0.0,1.0,0.0,1.0,12,27
1234,7H,10D,,,,,,0.0,0.0,1.0,1.0,17,19
1235,9C,AS,,,,,,1.0,1.0,1.0,0.0,14,11
1236,9C,AS,4S,,,,,0.0,1.0,0.0,1.0,14,11
1237,JC,10S,,,,,,0.0,1.0,0.0,1.0,20,20
1238,KC,5C,,,,,,0.0,0.0,1.0,1.0,15,18
1239,9S,2D,,,,,,1.0,1.0,1.0,0.0,14,18
1240,9S,2D,3D,,,,,0.0,1.0,0.0,1.0,14,28
1241,5C,4H,,,,,,0.0,1.0,0.0,1.0,9,30
1242,QH,5C,,,,,,1.0,1.0,1.0,0.0,19,11
1243,QH,5C,4H,,,,,0.0,0.0,1.0,1.0,19,21
1244,9S,2D,,,,,,0.0,1.0,0.0,1.0,11,24
1245,6D,10H,,,,,,1.0,0.0,0.0,1.0,22,20
1246,4D,10D,,,,,,1.0,1.0,1.0,0.0,17,13
1247,4D,10D,3H,,,,,1.0,0.0,0.0,1.0,27,13
1248,7H,4C,,,,,,1.0,1.0,1.0,0.0,15,15
1249,7H,4C,4S,,,,,1.0,1.0,1.0,0.0,17,15
1250,7H,4C,4S,2H,,,,0.0,1.0,0.0,1.0,17,25
1251,QS,3H,,,,,,0.0,1.0,0.0,1.0,13,13
1252,9C,7H,,,,,,0.0,0.0,1.0,1.0,16,20
1253,KH,KD,,,,,,1.0,0.0,0.0,1.0,29,15
1254,7D,JH,,,,,,0.0,0.0,1.0,1.0,17,19
1255,7D,6C,,,,,,0.0,1.0,0.0,1.0,13,22
1256,KC,7H,,,,,,1.0,0.0,0.0,1.0,27,8
1257,JH,9C,,,,,,1.0,0.0,0.0,1.0,23,21
1258,7C,KS,,,,,,1.0,0.0,0.0,1.0,27,15
1259,2D,JC,,,,,,1.0,1.0,1.0,0.0,21,8
1260,8S,KS,,,,,,0.0,0.0,1.0,1.0,18,21
1261,3S,8D,,,,,,0.0,1.0,0.0,1.0,11,23
1262,6D,10S,,,,,,1.0,0.0,0.0,1.0,26,4
1263,QD,QS,,,,,,1.0,0.0,0.0,1.0,26,18
1264,JC,QD,,,,,,1.0,0.0,0.0,1.0,24,16
1265,3D,QD,,,,,,0.0,0.0,1.0,1.0,13,17
1266,AC,AH,,,,,,1.0,1.0,1.0,0.0,7,8
1267,AC,AH,5S,,,,,0.0,0.0,1.0,1.0,17,18
1268,10H,3H,,,,,,1.0,0.0,0.0,1.0,23,6
1269,7H,JS,,,,,,1.0,0.0,0.0,1.0,27,21
1270,4D,7D,,,,,,0.0,0.0,1.0,1.0,11,20
1271,9C,2D,,,,,,1.0,1.0,1.0,0.0,21,16
1272,3D,AC,,,,,,0.0,1.0,0.0,1.0,14,26
1273,10S,5D,,,,,,0.0,0.0,1.0,1.0,15,21
1274,QC,5S,,,,,,1.0,0.0,0.0,1.0,25,9
1275,6H,8H,,,,,,1.0,1.0,1.0,0.0,15,9
1276,6H,8H,AC,,,,,0.0,1.0,0.0,1.0,15,9
1277,4C,7C,,,,,,1.0,1.0,1.0,0.0,21,4
1278,5C,JD,,,,,,0.0,0.0,1.0,1.0,15,21
1279,2C,7C,,,,,,1.0,1.0,1.0,0.0,19,12
1280,2C,7C,10C,,,,,0.0,1.0,0.0,1.0,19,12
1281,3H,AS,,,,,,1.0,1.0,1.0,0.0,13,14
1282,3H,AS,9H,,,,,1.0,0.0,0.0,1.0,23,14
1283,10H,4H,,,,,,0.0,1.0,0.0,1.0,14,25
1284,2C,6S,,,,,,1.0,1.0,1.0,0.0,10,13
1285,2C,6S,2H,,,,,1.0,1.0,1.0,0.0,14,13
1286,2C,6S,2H,4H,,,,1.0,0.0,0.0,1.0,24,13
1287,2S,3H,,,,,,1.0,1.0,1.0,0.0,15,15
1288,2S,3H,10C,,,,,0.0,1.0,0.0,1.0,15,15
1289,5C,6S,,,,,,0.0,0.0,1.0,1.0,11,20
1290,QS,3S,,,,,,0.0,0.0,1.0,1.0,13,17
1291,3C,9H,,,,,,0.0,0.0,1.0,1.0,12,19
1292,KH,QC,,,,,,1.0,0.0,0.0,1.0,27,14
1293,5S,AC,,,,,,1.0,1.0,1.0,0.0,14,12
1294,5S,AC,8D,,,,,0.0,1.0,0.0,1.0,14,27
1295,8C,JD,,,,,,1.0,1.0,1.0,0.0,20,17
1296,8C,JD,2H,,,,,0.0,1.0,0.0,1.0,20,27
1297,7S,8C,,,,,,1.0,1.0,1.0,0.0,19,6
1298,7S,8C,4S,,,,,0.0,1.0,0.0,1.0,19,16
1299,10D,JH,,,,,,1.0,0.0,0.0,1.0,28,14
1300,5S,KS,,,,,,1.0,1.0,1.0,0.0,20,13
1301,5S,KS,5D,,,,,0.0,1.0,0.0,1.0,20,13
1302,3H,AH,,,,,,1.0,1.0,1.0,0.0,10,11
1303,3H,AH,6H,,,,,1.0,1.0,1.0,0.0,15,11
1304,3H,AH,6H,5C,,,,0.0,0.0,1.0,1.0,15,20
1305,6C,8D,,,,,,1.0,1.0,1.0,0.0,17,10
1306,6C,8D,3C,,,,,0.0,1.0,0.0,1.0,17,17
1307,7D,4C,,,,,,1.0,1.0,1.0,0.0,12,11
1308,7D,4C,AH,,,,,1.0,0.0,0.0,1.0,22,11
1309,6D,AC,,,,,,1.0,1.0,1.0,0.0,17,7
1310,6D,AC,QH,,,,,0.0,0.0,1.0,1.0,17,21
1311,2C,7D,,,,,,1.0,1.0,1.0,0.0,19,8
1312,2C,7D,JS,,,,,1.0,0.0,0.0,1.0,29,18
1313,KD,6C,,,,,,1.0,1.0,1.0,0.0,21,13
1314,7C,8C,,,,,,0.0,0.0,1.0,1.0,15,21
1315,6C,4S,,,,,,1.0,1.0,1.0,0.0,18,10
1316,6C,4S,8D,,,,,1.0,0.0,0.0,1.0,28,10
1317,10C,7C,,,,,,1.0,0.0,0.0,1.0,22,16
1318,QS,3S,,,,,,1.0,1.0,1.0,0.0,18,17
1319,QS,3S,5S,,,,,1.0,0.0,0.0,1.0,22,17
1320,QH,7C,,,,,,1.0,1.0,1.0,0.0,20,6
1321,QH,7C,3D,,,,,1.0,0.0,0.0,1.0,26,6
1322,8D,2S,,,,,,1.0,1.0,1.0,0.0,11,5
1323,8D,2S,AD,,,,,0.0,0.0,1.0,1.0,21,15
1324,KC,6H,,,,,,1.0,0.0,0.0,1.0,26,11
1325,6C,7S,,,,,,1.0,1.0,1.0,0.0,16,18
1326,6C,7S,3D,,,,,1.0,0.0,0.0,1.0,26,18
1327,4S,AD,,,,,,1.0,1.0,1.0,0.0,15,18
1328,4S,AD,10S,,,,,0.0,0.0,1.0,1.0,15,18
1329,4D,8S,,,,,,0.0,1.0,0.0,1.0,12,23
1330,5C,QD,,,,,,0.0,1.0,0.0,1.0,15,11
1331,2D,2S,,,,,,0.0,1.0,0.0,1.0,4,24
1332,10H,8H,,,,,,0.0,1.0,0.0,1.0,18,16
1333,4S,6H,,,,,,0.0,0.0,1.0,1.0,10,19
1334,8S,4S,,,,,,1.0,1.0,1.0,0.0,21,9
1335,KC,2D,,,,,,1.0,0.0,0.0,1.0,22,18
1336,6H,2D,,,,,,1.0,1.0,1.0,0.0,18,13
1337,6H,2D,10S,,,,,1.0,0.0,0.0,1.0,28,13
1338,7S,5H,,,,,,1.0,1.0,1.0,0.0,19,12
1339,7S,5H,7H,,,,,1.0,0.0,0.0,1.0,24,12
1340,9D,8C,,,,,,0.0,1.0,0.0,1.0,17,13
1341,QC,2C,,,,,,1.0,0.0,0.0,1.0,22,6
1342,2S,3H,,,,,,1.0,1.0,1.0,0.0,14,16
1343,2S,3H,9C,,,,,0.0,0.0,1.0,1.0,14,16
1344,4H,9H,,,,,,0.0,1.0,0.0,1.0,13,9
1345,3C,7S,,,,,,1.0,1.0,1.0,0.0,20,11
1346,3C,7S,QD,,,,,1.0,0.0,0.0,1.0,26,11
1347,7C,6H,,,,,,1.0,0.0,0.0,1.0,23,12
1348,6S,7H,,,,,,0.0,1.0,0.0,1.0,13,7
1349,QH,2D,,,,,,1.0,0.0,0.0,1.0,22,14
1350,QH,7C,,,,,,0.0,0.0,1.0,1.0,17,18
1351,4S,3D,,,,,,1.0,1.0,1.0,0.0,13,18
1352,4S,3D,6H,,,,,0.0,0.0,1.0,1.0,13,18
1353,5D,2H,,,,,,1.0,1.0,1.0,0.0,13,7
1354,5D,2H,6D,,,,,0.0,0.0,1.0,1.0,13,15
1355,7D,8C,,,,,,1.0,1.0,1.0,0.0,20,8
1356,7D,8C,5C,,,,,1.0,1.0,1.0,0.0,21,8
1357,7S,JD,,,,,,0.0,1.0,0.0,1.0,17,9
1358,JC,10H,,,,,,0.0,1.0,0.0,1.0,20,14
1359,8H,7H,,,,,,1.0,1.0,1.0,0.0,20,11
1360,8H,7H,5S,,,,,0.0,1.0,0.0,1.0,20,11
1361,10S,7H,,,,,,0.0,0.0,1.0,1.0,17,21
1362,7C,2H,,,,,,0.0,1.0,0.0,1.0,9,29
1363,QC,7D,,,,,,1.0,0.0,0.0,1.0,27,13
1364,8H,KS,,,,,,1.0,0.0,0.0,1.0,27,16
1365,2H,8H,,,,,,0.0,0.0,1.0,1.0,10,20
1366,2S,KS,,,,,,0.0,1.0,0.0,1.0,12,23
1367,7C,9C,,,,,,0.0,1.0,0.0,1.0,16,13
1368,9S,AC,,,,,,0.0,1.0,0.0,1.0,20,11
1369,AC,5S,,,,,,0.0,1.0,0.0,1.0,16,12
1370,3D,7D,,,,,,1.0,1.0,1.0,0.0,20,16
1371,3D,7D,QH,,,,,1.0,0.0,0.0,1.0,26,16
1372,7S,9S,,,,,,0.0,0.0,1.0,1.0,16,18
1373,5C,6D,,,,,,1.0,1.0,1.0,0.0,16,16
1374,5C,6D,5D,,,,,0.0,1.0,0.0,1.0,16,26
1375,7C,2S,,,,,,0.0,1.0,0.0,1.0,9,23
1376,AS,6C,,,,,,1.0,1.0,1.0,0.0,17,16
1377,AS,6C,JH,,,,,0.0,1.0,0.0,1.0,17,16
1378,9H,5H,,,,,,0.0,0.0,1.0,1.0,14,15
1379,JS,10D,,,,,,0.0,1.0,0.0,1.0,20,16
1380,6C,10H,,,,,,0.0,1.0,0.0,1.0,16,29
