,Show0,Show1,Show2,Show3,Show4,Show5,Card0,Card1,Card2,Card3,Card4,Card5,Card6,H/S,W/L,Answer,Final,P_Score,D_Score
0,3D,KH,,,,,8C,QD,,,,,,1.0,0.0,0.0,1.0,17,27
1,2S,,,,,,7C,5S,,,,,,1.0,1.0,1.0,0.0,9,20
2,2S,,,,,,7C,5S,8D,,,,,0.0,1.0,0.0,1.0,9,20
3,6S,5C,,,,,5S,JH,,,,,,1.0,0.0,0.0,1.0,17,25
4,3S,,,,,,2D,4D,,,,,,1.0,1.0,1.0,0.0,10,13
5,3S,,,,,,2D,4D,7H,,,,,1.0,1.0,1.0,0.0,10,18
6,3S,,,,,,2D,4D,7H,5S,,,,1.0,0.0,0.0,1.0,10,22
7,4S,,,,,,9C,AS,,,,,,1.0,1.0,1.0,0.0,7,14
8,4S,,,,,,9C,AS,4H,,,,,0.0,1.0,0.0,1.0,7,14
9,8D,2D,,,,,7D,3D,,,,,,0.0,0.0,1.0,1.0,13,10
10,5D,,,,,,10C,9H,,,,,,1.0,0.0,0.0,1.0,14,23
11,3C,,,,,,5S,6C,JH,,,,,0.0,1.0,0.0,1.0,10,21
12,3C,,,,,,2H,7D,,,,,,0.0,1.0,0.0,1.0,5,9
13,5S,,,,,,3D,8H,,,,,,0.0,0.0,1.0,1.0,15,11
14,8S,,,,,,5D,4C,,,,,,1.0,0.0,1.0,0.0,18,16
15,8S,,,,,,5D,4C,7H,,,,,0.0,0.0,1.0,1.0,18,16
16,4H,KC,,,,,10D,KH,,,,,,1.0,0.0,0.0,1.0,19,29
17,6C,AH,,,,,JC,QD,,,,,,0.0,1.0,0.0,1.0,12,20
18,8D,,,,,,5H,2S,,,,,,0.0,0.0,1.0,1.0,14,7
19,8D,2D,,,,,KC,KH,,,,,,0.0,1.0,0.0,1.0,17,20
20,8S,,,,,,JH,4S,,,,,,1.0,0.0,0.0,1.0,14,23
21,2C,AD,,,,,KS,10C,,,,,,1.0,0.0,0.0,1.0,6,23
22,3D,,,,,,5C,8H,,,,,,0.0,0.0,1.0,1.0,13,13
23,KC,,,,,,KH,7C,,,,,,0.0,0.0,1.0,1.0,20,17
24,5C,4D,,,,,8S,9D,,,,,,1.0,0.0,0.0,1.0,12,25
25,4H,,,,,,JC,2D,,,,,,0.0,0.0,1.0,1.0,14,12
26,9C,,,,,,JH,4C,,,,,,0.0,0.0,1.0,1.0,10,14
27,4D,,,,,,3D,3H,,,,,,1.0,1.0,1.0,0.0,11,16
28,4D,,,,,,3D,3H,QS,,,,,0.0,1.0,0.0,1.0,11,16
29,2D,4D,2H,,,,8D,10D,,,,,,1.0,0.0,0.0,1.0,16,28
30,5H,8C,,,,,3S,8D,,,,,,0.0,0.0,1.0,1.0,16,11
31,10S,,,,,,8H,3C,,,,,,0.0,0.0,1.0,1.0,20,11
32,9S,,,,,,6C,2S,,,,,,1.0,0.0,1.0,0.0,19,18
33,9S,,,,,,6C,2S,10D,,,,,0.0,0.0,1.0,1.0,19,18
34,3S,,,,,,KC,JS,,,,,,0.0,1.0,0.0,1.0,13,20
35,2C,,,,,,7H,AS,3C,,,,,0.0,1.0,0.0,1.0,7,11
36,8C,,,,,,JD,QH,,,,,,0.0,1.0,0.0,1.0,10,20
37,2H,,,,,,8C,10H,,,,,,0.0,1.0,0.0,1.0,12,18
38,AS,3H,,,,,QS,5C,,,,,,1.0,1.0,1.0,0.0,12,18
39,AS,3H,,,,,QS,5C,3C,,,,,1.0,0.0,0.0,1.0,12,23
40,AC,,,,,,AD,QS,,,,,,0.0,1.0,0.0,1.0,4,11
41,3S,,,,,,9S,QH,,,,,,1.0,0.0,0.0,1.0,7,22
42,3S,,,,,,QD,10D,,,,,,1.0,0.0,0.0,1.0,13,22
43,JC,,,,,,6H,3H,,,,,,1.0,1.0,1.0,0.0,17,18
44,JC,,,,,,6H,3H,9S,,,,,1.0,1.0,1.0,0.0,17,19
45,JC,,,,,,6H,3H,9S,AC,,,,0.0,1.0,0.0,1.0,17,19
46,JD,,,,,,JS,4C,,,,,,0.0,0.0,1.0,1.0,20,14
47,4C,,,,,,10S,JD,,,,,,1.0,0.0,0.0,1.0,9,28
48,KH,,,,,,10C,KS,,,,,,0.0,0.0,1.0,1.0,20,20
49,6D,,,,,,4C,2S,,,,,,0.0,0.0,1.0,1.0,7,6
50,7D,,,,,,QS,2S,,,,,,0.0,0.0,1.0,1.0,15,12
51,JH,,,,,,3S,9D,,,,,,0.0,0.0,1.0,1.0,20,12
52,7S,AH,10D,,,,6D,3S,,,,,,1.0,0.0,1.0,0.0,19,13
53,7S,AH,10D,,,,6D,3S,4C,,,,,0.0,0.0,1.0,1.0,19,13
54,JH,,,,,,5S,KD,,,,,,0.0,0.0,1.0,1.0,19,15
55,KC,,,,,,9H,JD,,,,,,0.0,1.0,0.0,1.0,15,19
56,5D,,,,,,3S,AD,,,,,,1.0,1.0,1.0,0.0,7,14
57,5D,,,,,,3S,AD,10H,,,,,1.0,0.0,0.0,1.0,7,24
58,6C,,,,,,4S,10S,,,,,,1.0,1.0,1.0,0.0,15,19
59,6C,,,,,,4S,10S,5C,,,,,0.0,1.0,0.0,1.0,15,19
60,4D,,,,,,AC,9D,,,,,,1.0,1.0,1.0,0.0,12,20
61,4D,,,,,,AC,9D,JS,,,,,0.0,1.0,0.0,1.0,12,20
62,7H,2H,AC,,,,3D,KS,,,,,,0.0,0.0,1.0,1.0,15,13
63,4S,,,,,,KH,8S,,,,,,0.0,1.0,0.0,1.0,10,18
64,AS,,,,,,8D,5C,8H,,,,,0.0,1.0,0.0,1.0,3,21
65,JC,AC,,,,,AD,QC,,,,,,0.0,0.0,1.0,1.0,13,11
66,3H,6C,,,,,7S,KC,,,,,,0.0,0.0,1.0,1.0,19,17
67,5S,,,,,,JH,6H,,,,,,1.0,1.0,1.0,0.0,9,18
68,5S,,,,,,JH,6H,2C,,,,,0.0,1.0,0.0,1.0,9,18
69,7H,QS,,,,,8H,6D,,,,,,0.0,0.0,1.0,1.0,18,14
70,2C,4H,,,,,QC,7H,,,,,,0.0,1.0,0.0,1.0,15,17
71,3H,,,,,,2H,JC,9D,,,,,0.0,1.0,0.0,1.0,8,21
72,4D,,,,,,7H,3H,,,,,,0.0,0.0,1.0,1.0,14,10
73,QS,,,,,,10D,2H,,,,,,1.0,0.0,1.0,0.0,18,17
74,QS,,,,,,10D,2H,5C,,,,,0.0,0.0,1.0,1.0,18,17
75,8H,,,,,,7C,KS,,,,,,0.0,1.0,0.0,1.0,16,17
76,2S,,,,,,QH,4C,,,,,,1.0,1.0,1.0,0.0,7,19
77,2S,,,,,,QH,4C,5D,,,,,0.0,1.0,0.0,1.0,7,19
78,7S,,,,,,10D,10C,,,,,,0.0,1.0,0.0,1.0,10,20
79,5S,,,,,,JC,KC,,,,,,1.0,0.0,0.0,1.0,14,30
80,6H,9D,,,,,5S,5H,,,,,,0.0,0.0,1.0,1.0,18,10
81,8D,,,,,,9S,3D,,,,,,0.0,0.0,1.0,1.0,18,12
82,10D,,,,,,5S,9S,,,,,,0.0,0.0,1.0,1.0,18,14
83,3D,,,,,,10S,7S,,,,,,1.0,0.0,0.0,1.0,8,23
84,7C,,,,,,2H,10S,,,,,,1.0,0.0,0.0,1.0,12,22
85,4C,,,,,,KS,7D,,,,,,0.0,1.0,0.0,1.0,12,17
86,4S,,,,,,KD,10D,,,,,,1.0,0.0,0.0,1.0,12,30
87,4D,,,,,,9S,8H,,,,,,0.0,1.0,0.0,1.0,14,17
88,6H,,,,,,4S,QS,,,,,,1.0,0.0,1.0,0.0,16,15
89,6H,,,,,,4S,QS,AC,,,,,1.0,0.0,0.0,1.0,16,23
90,2H,,,,,,4H,8C,,,,,,1.0,1.0,1.0,0.0,11,18
91,2H,,,,,,4H,8C,6S,,,,,0.0,1.0,0.0,1.0,11,18
92,2C,8C,,,,,5H,QH,,,,,,1.0,0.0,0.0,1.0,17,22
93,2S,,,,,,5D,5S,,,,,,1.0,1.0,1.0,0.0,6,18
94,2S,,,,,,5D,5S,8D,,,,,0.0,1.0,0.0,1.0,6,18
95,2S,9S,,,,,JS,4S,,,,,,1.0,0.0,0.0,1.0,17,24
96,4S,,,,,,2S,AH,,,,,,1.0,1.0,1.0,0.0,6,4
97,4S,,,,,,2S,AH,AD,,,,,1.0,1.0,1.0,0.0,6,14
98,4S,,,,,,2S,AH,AD,KS,,,,0.0,1.0,0.0,1.0,6,14
99,8C,,,,,,7C,QC,,,,,,1.0,0.0,0.0,1.0,12,25
100,9C,,,,,,AH,10C,,,,,,0.0,1.0,0.0,1.0,19,11
101,2H,4S,,,,,5H,4C,,,,,,1.0,1.0,1.0,0.0,8,19
102,2H,4S,,,,,5H,4C,10D,,,,,0.0,1.0,0.0,1.0,8,19
103,2H,,,,,,JH,6C,,,,,,1.0,1.0,1.0,0.0,7,19
104,2H,,,,,,JH,6C,3D,,,,,0.0,1.0,0.0,1.0,7,19
105,AH,AC,,,,,QC,8H,,,,,,1.0,0.0,0.0,1.0,6,28
106,QS,,,,,,AH,3C,,,,,,0.0,0.0,1.0,1.0,18,4
107,4D,,,,,,6S,JS,,,,,,1.0,1.0,1.0,0.0,14,20
108,4D,,,,,,6S,JS,4H,,,,,1.0,0.0,0.0,1.0,14,27
109,6S,,,,,,6C,2D,,,,,,0.0,0.0,1.0,1.0,12,8
110,3S,,,,,,7S,5H,,,,,,0.0,0.0,1.0,1.0,13,12
111,KS,,,,,,8S,AS,,,,,,0.0,0.0,1.0,1.0,19,9
112,8D,,,,,,QS,AC,,,,,,0.0,1.0,0.0,1.0,17,11
113,8S,,,,,,8H,JD,,,,,,0.0,1.0,0.0,1.0,10,18
114,AC,,,,,,10S,4D,,,,,,0.0,0.0,1.0,1.0,10,14
115,6D,,,,,,7H,4D,,,,,,1.0,1.0,1.0,0.0,11,14
116,6D,,,,,,7H,4D,3H,,,,,1.0,1.0,1.0,0.0,11,16
117,6D,,,,,,7H,4D,3H,2C,,,,0.0,1.0,0.0,1.0,11,16
118,3C,,,,,,KD,7H,,,,,,1.0,0.0,0.0,1.0,13,27
119,4D,AH,,,,,8C,KH,,,,,,1.0,0.0,0.0,1.0,15,28
120,5S,,,,,,4H,6S,,,,,,1.0,1.0,1.0,0.0,15,20
121,5S,,,,,,4H,6S,QD,,,,,0.0,1.0,0.0,1.0,15,20
122,8S,8H,,,,,KS,QH,,,,,,0.0,0.0,1.0,1.0,20,20
123,3D,7D,,,,,8H,AS,,,,,,0.0,1.0,0.0,1.0,17,9
124,2D,,,,,,6S,2C,,,,,,1.0,1.0,1.0,0.0,12,13
125,2D,,,,,,6S,2C,5C,,,,,0.0,1.0,0.0,1.0,12,13
126,4H,5C,,,,,AD,3H,,,,,,0.0,0.0,1.0,1.0,18,4
127,7C,AH,8C,,,,JC,AD,,,,,,0.0,0.0,1.0,1.0,17,11
128,10C,,,,,,10D,7H,,,,,,0.0,0.0,1.0,1.0,20,17
129,QC,,,,,,JH,QH,,,,,,0.0,1.0,0.0,1.0,17,20
130,8S,,,,,,QD,5D,,,,,,1.0,1.0,1.0,0.0,17,18
131,8S,,,,,,QD,5D,3H,,,,,0.0,1.0,0.0,1.0,17,18
132,KC,3C,,,,,6S,AS,4H,,,,,0.0,1.0,0.0,1.0,19,11
133,2D,AD,,,,,KD,8S,,,,,,1.0,1.0,1.0,0.0,13,20
134,2D,AD,,,,,KD,8S,2H,,,,,0.0,1.0,0.0,1.0,13,20
135,KD,,,,,,3H,AH,,,,,,0.0,0.0,1.0,1.0,17,4
136,7D,,,,,,9S,3C,,,,,,0.0,0.0,1.0,1.0,17,12
137,7C,,,,,,AH,5H,,,,,,1.0,0.0,1.0,0.0,16,16
138,7C,,,,,,AH,5H,QH,,,,,1.0,0.0,0.0,1.0,16,25
139,3D,QC,2C,2S,,,5H,3C,,,,,,1.0,0.0,1.0,0.0,18,15
140,3D,QC,2C,2S,,,5H,3C,7C,6D,,,,0.0,1.0,0.0,1.0,18,21
141,2H,,,,,,AC,AD,,,,,,1.0,0.0,1.0,0.0,12,12
142,2H,,,,,,AC,AD,10S,,,,,0.0,0.0,1.0,1.0,12,12
143,3H,6C,,,,,2C,AS,,,,,,1.0,0.0,1.0,0.0,19,12
144,3H,6C,,,,,2C,AS,9D,,,,,0.0,0.0,1.0,1.0,19,12
145,10H,,,,,,4H,3C,,,,,,1.0,0.0,1.0,0.0,20,16
146,10H,,,,,,4H,3C,9D,5C,,,,0.0,1.0,0.0,1.0,20,21
147,4C,,,,,,8S,7C,,,,,,1.0,0.0,0.0,1.0,7,25
148,5C,AD,,,,,9S,KD,,,,,,1.0,0.0,0.0,1.0,16,28
149,10H,,,,,,JC,3S,,,,,,1.0,0.0,1.0,0.0,18,17
150,10H,,,,,,JC,3S,4D,,,,,0.0,0.0,1.0,1.0,18,17
151,4H,2C,,,,,7H,QH,,,,,,1.0,0.0,0.0,1.0,10,27
152,7C,2H,,,,,3D,4H,,,,,,0.0,0.0,1.0,1.0,19,7
153,6D,3S,,,,,7D,9H,,,,,,0.0,1.0,0.0,1.0,14,16
154,4H,8H,,,,,10H,8C,,,,,,1.0,1.0,1.0,0.0,18,19
155,4H,8H,,,,,10H,8C,AH,2D,,,,0.0,1.0,0.0,1.0,18,21
156,10S,,,,,,7D,KH,,,,,,0.0,1.0,0.0,1.0,16,17
157,9S,,,,,,7H,5S,,,,,,0.0,0.0,1.0,1.0,18,12
158,3C,,,,,,2D,JC,,,,,,0.0,0.0,1.0,1.0,13,12
159,JS,,,,,,5S,4D,,,,,,0.0,0.0,1.0,1.0,19,9
160,9S,,,,,,8H,AS,,,,,,0.0,1.0,0.0,1.0,14,9
161,2D,8D,,,,,KH,7H,,,,,,1.0,0.0,0.0,1.0,20,27
162,AD,,,,,,5D,3H,,,,,,1.0,0.0,1.0,0.0,4,12
163,AD,,,,,,5D,3H,4S,,,,,1.0,0.0,1.0,0.0,4,14
164,AD,,,,,,5D,3H,4S,2H,,,,0.0,0.0,1.0,1.0,4,14
165,8H,,,,,,4H,3S,,,,,,0.0,0.0,1.0,1.0,11,7
166,3H,,,,,,AS,10S,,,,,,0.0,1.0,0.0,1.0,13,11
167,KC,,,,,,9C,6C,,,,,,0.0,1.0,0.0,1.0,13,15
168,3D,2D,,,,,KS,7H,,,,,,1.0,0.0,0.0,1.0,14,27
169,AH,,,,,,7S,4C,,,,,,0.0,0.0,1.0,1.0,7,11
170,2H,KS,,,,,AC,AH,,,,,,1.0,0.0,1.0,0.0,16,3
171,2H,KS,,,,,AC,AH,AS,,,,,0.0,0.0,1.0,1.0,16,3
172,10H,,,,,,QC,3D,,,,,,1.0,0.0,1.0,0.0,20,17
173,10H,,,,,,QC,3D,4H,,,,,1.0,0.0,0.0,1.0,20,25
174,KC,,,,,,7H,KS,,,,,,0.0,0.0,1.0,1.0,20,17
175,10H,,,,,,9H,AC,,,,,,1.0,0.0,1.0,0.0,20,17
176,10H,,,,,,9H,AC,7D,,,,,0.0,0.0,1.0,1.0,20,17
177,2H,,,,,,9C,6D,,,,,,0.0,1.0,0.0,1.0,5,15
178,KH,,,,,,JS,2S,,,,,,1.0,0.0,1.0,0.0,15,15
179,KH,,,,,,JS,2S,3S,,,,,0.0,0.0,1.0,1.0,15,15
180,9C,,,,,,2S,AH,,,,,,1.0,0.0,1.0,0.0,14,4
181,9C,,,,,,2S,AH,AC,,,,,0.0,0.0,1.0,1.0,14,4
182,7H,JC,,,,,AC,9C,,,,,,0.0,0.0,1.0,1.0,20,10
183,6C,,,,,,5D,KC,,,,,,1.0,0.0,0.0,1.0,13,24
184,5D,2S,,,,,KC,10S,,,,,,0.0,1.0,0.0,1.0,13,20
185,2S,AS,4C,,,,3H,8D,,,,,,0.0,0.0,1.0,1.0,17,11
186,7H,,,,,,QD,AS,,,,,,0.0,1.0,0.0,1.0,8,11
187,5S,,,,,,7S,4H,,,,,,0.0,1.0,0.0,1.0,10,11
188,10H,,,,,,9C,AH,,,,,,0.0,1.0,0.0,1.0,14,10
189,2C,KS,,,,,4C,10S,,,,,,0.0,0.0,1.0,1.0,17,14
190,6S,,,,,,QS,AC,,,,,,0.0,1.0,0.0,1.0,16,11
191,5D,,,,,,AS,QC,,,,,,0.0,1.0,0.0,1.0,14,11
192,JH,,,,,,KD,5D,,,,,,0.0,0.0,1.0,1.0,20,15
193,8D,,,,,,KD,5S,,,,,,0.0,0.0,1.0,1.0,9,15
194,JD,,,,,,KC,8C,,,,,,1.0,0.0,0.0,1.0,20,28
195,2C,,,,,,9H,10H,,,,,,0.0,1.0,0.0,1.0,12,19
196,2H,,,,,,6S,7S,,,,,,1.0,1.0,1.0,0.0,4,15
197,2H,,,,,,6S,7S,2C,,,,,1.0,1.0,1.0,0.0,4,20
198,2H,,,,,,6S,7S,2C,5S,,,,0.0,1.0,0.0,1.0,4,20
199,QD,,,,,,AH,KC,,,,,,0.0,1.0,0.0,1.0,18,11
200,5D,6H,,,,,9C,7S,,,,,,0.0,1.0,0.0,1.0,15,16
201,5S,,,,,,2S,5C,,,,,,0.0,0.0,1.0,1.0,9,7
202,3D,,,,,,5H,AH,,,,,,0.0,1.0,0.0,1.0,6,6
203,5D,,,,,,6D,QH,,,,,,0.0,1.0,0.0,1.0,7,16
204,3H,,,,,,6H,8H,,,,,,1.0,1.0,1.0,0.0,13,15
205,3H,,,,,,6H,8H,AS,,,,,0.0,1.0,0.0,1.0,13,15
206,QS,,,,,,QH,4H,,,,,,1.0,0.0,1.0,0.0,16,16
207,QS,,,,,,QH,4H,2D,,,,,1.0,1.0,1.0,0.0,16,17
208,QS,,,,,,QH,4H,2D,AD,,,,0.0,1.0,0.0,1.0,16,17
209,3D,,,,,,9C,4H,,,,,,1.0,1.0,1.0,0.0,5,16
210,3D,,,,,,9C,4H,3S,,,,,0.0,1.0,0.0,1.0,5,16
211,2D,2H,,,,,3S,4D,,,,,,0.0,1.0,0.0,1.0,6,7
212,8H,4H,,,,,JS,JC,,,,,,1.0,0.0,0.0,1.0,14,30
213,10S,,,,,,8D,KS,,,,,,0.0,0.0,1.0,1.0,20,18
214,3H,3D,KC,,,,JS,5H,,,,,,1.0,0.0,0.0,1.0,17,22
215,5C,,,,,,AH,QH,,,,,,0.0,1.0,0.0,1.0,7,11
216,4C,,,,,,3D,4S,,,,,,0.0,0.0,1.0,1.0,13,7
217,3H,,,,,,4C,8H,,,,,,0.0,1.0,0.0,1.0,9,12
218,6C,4D,,,,,5H,7C,,,,,,1.0,0.0,1.0,0.0,20,15
219,6C,4D,,,,,5H,7C,3S,,,,,0.0,0.0,1.0,1.0,20,15
220,9C,,,,,,8H,AD,,,,,,1.0,1.0,1.0,0.0,13,19
221,9C,,,,,,8H,AD,10C,,,,,0.0,1.0,0.0,1.0,13,19
222,3C,6H,,,,,JD,5H,,,,,,1.0,0.0,0.0,1.0,19,25
223,3H,,,,,,JD,KC,,,,,,0.0,1.0,0.0,1.0,12,20
224,6S,,,,,,KD,JS,,,,,,0.0,1.0,0.0,1.0,13,20
225,JC,,,,,,QH,7D,,,,,,0.0,0.0,1.0,1.0,20,17
226,AC,9S,6S,,,,3H,KC,,,,,,1.0,0.0,1.0,0.0,19,14
227,AC,9S,6S,,,,3H,KC,AD,,,,,0.0,0.0,1.0,1.0,19,14
228,KC,,,,,,6H,3H,,,,,,1.0,1.0,1.0,0.0,16,19
229,KC,,,,,,6H,3H,JH,,,,,1.0,0.0,0.0,1.0,16,29
230,10D,,,,,,10C,AS,,,,,,0.0,1.0,0.0,1.0,20,11
231,8C,,,,,,4S,5H,,,,,,0.0,0.0,1.0,1.0,13,9
232,2H,,,,,,2S,4H,,,,,,0.0,0.0,1.0,1.0,6,6
233,3S,,,,,,5S,AS,,,,,,1.0,1.0,1.0,0.0,9,12
234,3S,,,,,,5S,AS,6H,,,,,0.0,1.0,0.0,1.0,9,12
235,6D,,,,,,10D,KS,,,,,,1.0,0.0,0.0,1.0,12,30
236,JD,,,,,,5D,2S,,,,,,0.0,0.0,1.0,1.0,19,7
237,4H,,,,,,AS,3C,,,,,,0.0,1.0,0.0,1.0,12,4
238,2S,QC,,,,,KH,3C,,,,,,1.0,1.0,1.0,0.0,14,19
239,2S,QC,,,,,KH,3C,6D,,,,,1.0,0.0,0.0,1.0,14,29
240,QH,,,,,,2D,KD,,,,,,1.0,0.0,0.0,1.0,16,22
241,2S,,,,,,JH,JC,,,,,,1.0,0.0,0.0,1.0,5,24
242,3D,,,,,,2C,8D,,,,,,1.0,1.0,1.0,0.0,13,14
243,3D,,,,,,2C,8D,4D,,,,,0.0,1.0,0.0,1.0,13,14
244,8S,,,,,,7S,9H,,,,,,0.0,0.0,1.0,1.0,9,16
245,10S,,,,,,KC,2D,,,,,,1.0,1.0,1.0,0.0,16,19
246,10S,,,,,,KC,2D,7H,,,,,0.0,1.0,0.0,1.0,16,19
247,3H,,,,,,9H,4H,,,,,,1.0,0.0,0.0,1.0,7,23
248,8D,,,,,,JC,2H,,,,,,0.0,0.0,1.0,1.0,12,12
249,7H,,,,,,10S,9H,,,,,,0.0,1.0,0.0,1.0,9,19
250,8H,4D,,,,,JC,QS,,,,,,0.0,1.0,0.0,1.0,13,20
251,JC,,,,,,6S,5D,,,,,,0.0,0.0,1.0,1.0,13,11
252,2S,7D,5D,,,,3H,QH,,,,,,0.0,0.0,1.0,1.0,18,13
253,QD,,,,,,KS,5H,,,,,,0.0,0.0,1.0,1.0,16,15
254,QH,2D,,,,,QS,AH,,,,,,0.0,1.0,0.0,1.0,19,11
255,2C,,,,,,AD,6C,,,,,,1.0,1.0,1.0,0.0,7,17
256,2C,,,,,,AD,6C,10D,,,,,0.0,1.0,0.0,1.0,7,17
257,KS,AC,,,,,3S,3C,,,,,,0.0,0.0,1.0,1.0,14,6
258,10S,,,,,,2S,5H,,,,,,1.0,0.0,1.0,0.0,13,13
259,10S,,,,,,2S,5H,6D,,,,,1.0,1.0,1.0,0.0,13,14
260,10S,,,,,,2S,5H,6D,AH,,,,1.0,1.0,1.0,0.0,13,20
261,10S,,,,,,2S,5H,6D,AH,6C,,,0.0,1.0,0.0,1.0,13,20
262,4D,,,,,,4C,3H,,,,,,1.0,1.0,1.0,0.0,7,17
263,4D,,,,,,4C,3H,10C,,,,,0.0,1.0,0.0,1.0,7,17
264,AC,,,,,,KH,6H,,,,,,0.0,1.0,0.0,1.0,3,16
265,2C,,,,,,5S,QH,,,,,,0.0,1.0,0.0,1.0,12,15
266,8H,,,,,,10C,4C,,,,,,1.0,0.0,0.0,1.0,17,24
267,5H,,,,,,4D,4S,,,,,,1.0,0.0,1.0,0.0,15,10
268,5H,,,,,,4D,4S,2C,,,,,1.0,0.0,1.0,0.0,15,12
269,5H,,,,,,4D,4S,2C,2S,,,,0.0,0.0,1.0,1.0,15,12
270,KD,,,,,,10D,JC,,,,,,1.0,0.0,0.0,1.0,20,26
271,KD,,,,,,AC,6S,4D,,,,,0.0,1.0,0.0,1.0,18,11
272,7D,9C,,,,,5C,8C,,,,,,0.0,0.0,1.0,1.0,18,13
273,JD,,,,,,3C,6D,,,,,,1.0,1.0,1.0,0.0,17,19
274,JD,,,,,,3C,6D,JS,,,,,0.0,1.0,0.0,1.0,17,19
275,JS,,,,,,10C,5C,,,,,,1.0,1.0,1.0,0.0,14,18
276,JS,,,,,,10C,5C,3S,,,,,1.0,0.0,0.0,1.0,14,22
277,AD,,,,,,JC,9H,,,,,,1.0,1.0,1.0,0.0,8,20
278,AD,,,,,,JC,9H,AS,,,,,0.0,1.0,0.0,1.0,8,20
279,3S,,,,,,KH,5D,,,,,,0.0,1.0,0.0,1.0,10,15
280,9D,,,,,,3C,7S,,,,,,0.0,0.0,1.0,1.0,19,10
281,10S,,,,,,7D,6H,,,,,,0.0,0.0,1.0,1.0,20,13
282,QH,,,,,,10S,3H,,,,,,1.0,0.0,0.0,1.0,12,22
283,8D,2C,,,,,AD,5D,,,,,,0.0,0.0,1.0,1.0,20,6
284,10D,,,,,,2H,3C,,,,,,0.0,0.0,1.0,1.0,20,5
285,6C,,,,,,QD,KC,,,,,,1.0,0.0,0.0,1.0,9,25
286,6C,,,,,,10C,7C,,,,,,0.0,1.0,0.0,1.0,9,17
287,2D,,,,,,10D,8S,,,,,,0.0,1.0,0.0,1.0,8,18
288,2H,,,,,,8D,QS,,,,,,0.0,1.0,0.0,1.0,3,18
289,3H,10D,,,,,KS,AH,,,,,,0.0,1.0,0.0,1.0,19,11
290,6C,5C,,,,,9H,3C,,,,,,0.0,0.0,1.0,1.0,16,12
291,5C,,,,,,6C,JS,,,,,,0.0,1.0,0.0,1.0,11,16
292,9H,,,,,,4D,QD,,,,,,1.0,0.0,0.0,1.0,16,24
293,5D,,,,,,9S,2H,QC,,,,,0.0,1.0,0.0,1.0,9,21
294,3C,10S,,,,,9C,8H,,,,,,0.0,1.0,0.0,1.0,16,17
295,7C,2C,,,,,5C,4S,,,,,,0.0,0.0,1.0,1.0,19,9
296,5H,,,,,,8S,4C,,,,,,0.0,0.0,1.0,1.0,12,12
297,5H,,,,,,7S,AS,,,,,,0.0,1.0,0.0,1.0,15,8
298,9S,,,,,,2C,3C,,,,,,0.0,0.0,1.0,1.0,12,5
299,AS,,,,,,6C,JS,,,,,,0.0,1.0,0.0,1.0,2,16
300,2D,,,,,,2C,4C,,,,,,0.0,0.0,1.0,1.0,7,6
301,7D,6S,,,,,JH,8C,,,,,,0.0,1.0,0.0,1.0,15,18
302,KH,3S,,,,,2H,3H,,,,,,1.0,0.0,1.0,0.0,20,15
303,KH,3S,,,,,2H,3H,10S,,,,,1.0,0.0,0.0,1.0,20,25
304,3C,,,,,,9D,5S,,,,,,1.0,1.0,1.0,0.0,10,20
305,3C,,,,,,9D,5S,6D,,,,,0.0,1.0,0.0,1.0,10,20
306,KS,4C,,,,,2D,QS,,,,,,0.0,0.0,1.0,1.0,18,12
307,10S,,,,,,QS,2S,,,,,,0.0,0.0,1.0,1.0,15,12
308,8D,,,,,,QH,7D,,,,,,0.0,1.0,0.0,1.0,11,17
309,2H,,,,,,2S,8D,,,,,,1.0,1.0,1.0,0.0,12,17
310,2H,,,,,,2S,8D,7C,,,,,0.0,1.0,0.0,1.0,12,17
311,4D,,,,,,3C,5H,,,,,,1.0,0.0,1.0,0.0,14,14
312,4D,,,,,,3C,5H,6H,,,,,0.0,0.0,1.0,1.0,14,14
313,6C,,,,,,8H,9S,,,,,,1.0,0.0,0.0,1.0,16,27
314,10S,,,,,,7C,5D,,,,,,0.0,0.0,1.0,1.0,18,12
315,8C,,,,,,6D,2S,,,,,,1.0,0.0,1.0,0.0,14,12
316,8C,,,,,,6D,2S,4S,,,,,0.0,0.0,1.0,1.0,14,12
317,3D,,,,,,6H,9D,,,,,,1.0,0.0,0.0,1.0,11,25
318,4S,,,,,,KS,QC,,,,,,0.0,1.0,0.0,1.0,6,20
319,9C,,,,,,6H,3D,,,,,,0.0,0.0,1.0,1.0,19,9
320,AS,,,,,,2D,9S,KS,,,,,0.0,1.0,0.0,1.0,4,21
321,KH,,,,,,KD,10H,,,,,,1.0,0.0,0.0,1.0,20,29
322,4S,5H,,,,,JH,2H,,,,,,1.0,0.0,1.0,0.0,17,16
323,4S,5H,,,,,JH,2H,4H,,,,,0.0,0.0,1.0,1.0,17,16
324,KS,,,,,,3D,JD,,,,,,1.0,0.0,0.0,1.0,16,23
325,KS,,,,,,5D,8D,,,,,,1.0,0.0,1.0,0.0,20,15
326,KS,,,,,,5D,8D,2H,,,,,0.0,0.0,1.0,1.0,20,15
327,3D,JD,,,,,7S,8H,,,,,,1.0,1.0,1.0,0.0,14,17
328,3D,JD,,,,,7S,8H,2S,,,,,0.0,1.0,0.0,1.0,14,17
329,2D,,,,,,AH,8S,,,,,,1.0,1.0,1.0,0.0,12,17
330,2D,,,,,,AH,8S,8D,,,,,1.0,0.0,0.0,1.0,12,24
331,10H,,,,,,9H,QH,,,,,,1.0,0.0,0.0,1.0,13,22
332,QD,,,,,,QC,5H,6H,,,,,0.0,1.0,0.0,1.0,16,21
333,QS,4H,,,,,4S,10S,,,,,,1.0,0.0,0.0,1.0,17,24
334,JS,,,,,,AD,6H,,,,,,1.0,0.0,1.0,0.0,20,10
335,JS,,,,,,AD,6H,3H,,,,,1.0,0.0,1.0,0.0,20,13
336,JS,,,,,,AD,6H,3H,3C,,,,0.0,0.0,1.0,1.0,20,13
337,8C,,,,,,6C,9C,,,,,,1.0,0.0,0.0,1.0,18,25
338,6D,4S,,,,,AH,KD,,,,,,0.0,1.0,0.0,1.0,20,11
339,7D,,,,,,3H,KC,,,,,,0.0,0.0,1.0,1.0,17,13
340,5S,,,,,,5C,AH,,,,,,0.0,1.0,0.0,1.0,15,6
341,2H,,,,,,4H,AD,,,,,,1.0,1.0,1.0,0.0,8,6
342,2H,,,,,,4H,AD,AH,,,,,0.0,1.0,0.0,1.0,8,6
343,5S,,,,,,4H,JS,,,,,,1.0,0.0,0.0,1.0,15,24
344,10C,,,,,,KH,9D,,,,,,0.0,1.0,0.0,1.0,12,19
345,8C,,,,,,8S,5D,,,,,,1.0,0.0,0.0,1.0,15,23
346,2S,,,,,,QH,AH,,,,,,0.0,1.0,0.0,1.0,12,11
347,AC,,,,,,AS,4S,,,,,,1.0,1.0,1.0,0.0,8,15
348,AC,,,,,,AS,4S,JC,,,,,0.0,1.0,0.0,1.0,8,15
349,KH,,,,,,QS,JC,AH,,,,,0.0,1.0,0.0,1.0,20,21
350,3H,2C,,,,,AD,JH,,,,,,0.0,1.0,0.0,1.0,9,11
351,10S,AH,,,,,4C,5D,,,,,,1.0,0.0,1.0,0.0,20,19
352,10S,AH,,,,,4C,5D,10D,,,,,1.0,0.0,0.0,1.0,20,29
353,JS,,,,,,QS,3H,,,,,,0.0,0.0,1.0,1.0,19,13
354,JS,,,,,,3C,4D,,,,,,1.0,0.0,1.0,0.0,16,14
355,JS,,,,,,3C,4D,7C,,,,,1.0,0.0,0.0,1.0,16,24
356,9H,,,,,,7S,8D,6C,,,,,0.0,1.0,0.0,1.0,17,21
357,5H,,,,,,KC,6S,,,,,,1.0,0.0,0.0,1.0,12,25
358,2S,,,,,,3C,7D,,,,,,1.0,1.0,1.0,0.0,11,12
359,2S,,,,,,3C,7D,2H,,,,,1.0,0.0,0.0,1.0,11,22
360,7H,,,,,,AS,5H,,,,,,1.0,1.0,1.0,0.0,11,13
361,7H,,,,,,AS,5H,7C,,,,,0.0,1.0,0.0,1.0,11,13
362,KC,,,,,,4C,5D,,,,,,1.0,1.0,1.0,0.0,15,17
363,KC,,,,,,4C,5D,8H,,,,,0.0,1.0,0.0,1.0,15,17
364,4H,,,,,,QC,2S,,,,,,0.0,1.0,0.0,1.0,8,12
365,5C,,,,,,8C,KS,,,,,,0.0,1.0,0.0,1.0,10,18
366,8D,,,,,,2C,5D,,,,,,1.0,0.0,1.0,0.0,15,10
367,8D,,,,,,2C,5D,3D,,,,,0.0,0.0,1.0,1.0,15,10
368,6S,,,,,,10C,2H,,,,,,0.0,0.0,1.0,1.0,13,12
369,JC,,,,,,3H,9D,,,,,,0.0,0.0,1.0,1.0,20,12
370,JS,,,,,,2C,8C,,,,,,1.0,0.0,1.0,0.0,20,20
371,JS,,,,,,2C,8C,QS,,,,,1.0,0.0,0.0,1.0,20,28
372,5C,,,,,,KH,AD,,,,,,0.0,1.0,0.0,1.0,11,11
373,5C,,,,,,8H,QC,,,,,,1.0,0.0,0.0,1.0,13,28
374,3H,6H,,,,,KH,9H,,,,,,1.0,0.0,0.0,1.0,10,24
375,10C,,,,,,QS,AC,,,,,,0.0,1.0,0.0,1.0,12,11
376,9C,,,,,,5C,7C,,,,,,1.0,0.0,1.0,0.0,14,14
377,9C,,,,,,5C,7C,2C,,,,,0.0,0.0,1.0,1.0,14,14
378,4S,,,,,,9D,5H,,,,,,0.0,0.0,1.0,1.0,14,14
379,7D,,,,,,5C,QS,,,,,,0.0,1.0,0.0,1.0,13,15
380,5C,,,,,,8D,KH,,,,,,1.0,1.0,1.0,0.0,14,19
381,5C,,,,,,8D,KH,AS,,,,,0.0,1.0,0.0,1.0,14,19
382,KS,,,,,,5S,6D,,,,,,1.0,1.0,1.0,0.0,16,18
383,KS,,,,,,5S,6D,7C,,,,,0.0,1.0,0.0,1.0,16,18
384,8S,,,,,,10S,AH,,,,,,0.0,1.0,0.0,1.0,9,11
385,JC,,,,,,4H,8C,,,,,,1.0,1.0,1.0,0.0,12,19
386,JC,,,,,,4H,8C,7C,,,,,0.0,1.0,0.0,1.0,12,19
387,2S,,,,,,8S,2C,,,,,,1.0,1.0,1.0,0.0,8,20
388,2S,,,,,,8S,2C,KD,,,,,0.0,1.0,0.0,1.0,8,20
389,3H,,,,,,2S,5H,,,,,,1.0,1.0,1.0,0.0,10,15
390,3H,,,,,,2S,5H,8S,,,,,1.0,0.0,0.0,1.0,10,22
391,JD,,,,,,5S,3H,,,,,,1.0,1.0,1.0,0.0,16,17
392,JD,,,,,,5S,3H,9C,,,,,1.0,0.0,0.0,1.0,16,25
393,9C,,,,,,KH,2C,,,,,,0.0,0.0,1.0,1.0,18,12
394,10C,5H,,,,,9C,6D,,,,,,0.0,0.0,1.0,1.0,17,15
395,4S,4H,7H,,,,2D,9S,,,,,,1.0,0.0,1.0,0.0,20,13
396,4S,4H,7H,,,,2D,9S,2H,8D,,,,0.0,1.0,0.0,1.0,20,21
397,6C,,,,,,6S,7S,,,,,,1.0,0.0,0.0,1.0,8,23
398,6D,,,,,,JH,5D,,,,,,0.0,1.0,0.0,1.0,8,15
399,4H,3H,QH,,,,8D,4D,,,,,,0.0,0.0,1.0,1.0,18,12
400,3C,,,,,,10D,QH,,,,,,1.0,0.0,0.0,1.0,4,29
401,10S,AD,3D,,,,QH,AH,,,,,,0.0,0.0,1.0,1.0,18,11
402,JS,,,,,,7C,6D,,,,,,1.0,0.0,1.0,0.0,20,15
403,JS,,,,,,7C,6D,2D,,,,,1.0,0.0,0.0,1.0,20,24
404,4C,,,,,,QC,6H,,,,,,1.0,0.0,0.0,1.0,11,26
405,QC,,,,,,3D,AD,,,,,,1.0,0.0,1.0,0.0,20,13
406,QC,,,,,,3D,AD,9D,,,,,0.0,0.0,1.0,1.0,20,13
407,AD,,,,,,10H,6H,,,,,,1.0,0.0,0.0,1.0,9,25
408,10H,3C,,,,,7S,QD,,,,,,1.0,0.0,0.0,1.0,17,27
409,JD,,,,,,7S,8S,,,,,,0.0,1.0,0.0,1.0,13,15
410,3C,,,,,,9D,9S,,,,,,0.0,1.0,0.0,1.0,7,18
411,4D,,,,,,AS,KD,,,,,,0.0,1.0,0.0,1.0,8,11
412,9H,,,,,,4S,JD,,,,,,0.0,0.0,1.0,1.0,16,14
413,5S,,,,,,AC,7H,,,,,,1.0,1.0,1.0,0.0,13,14
414,5S,,,,,,AC,7H,6H,,,,,0.0,1.0,0.0,1.0,13,14
415,AC,AD,6C,,,,QS,2C,,,,,,1.0,0.0,0.0,1.0,10,22
416,AH,,,,,,AS,QS,,,,,,0.0,1.0,0.0,1.0,3,11
417,7H,,,,,,8S,5C,,,,,,0.0,0.0,1.0,1.0,15,13
418,KD,,,,,,QC,6D,,,,,,1.0,0.0,0.0,1.0,14,26
419,7D,,,,,,4H,5S,,,,,,1.0,0.0,1.0,0.0,12,11
420,7D,,,,,,4H,5S,2C,,,,,1.0,1.0,1.0,0.0,12,15
421,7D,,,,,,4H,5S,2C,4C,,,,0.0,1.0,0.0,1.0,12,15
422,8C,,,,,,9S,2D,,,,,,0.0,0.0,1.0,1.0,17,11
423,6C,AD,4S,,,,8C,6H,,,,,,1.0,0.0,0.0,1.0,12,22
424,AD,10C,AS,,,,KC,9D,,,,,,1.0,0.0,0.0,1.0,19,26
425,7H,,,,,,4H,9H,,,,,,1.0,1.0,1.0,0.0,10,17
426,7H,,,,,,4H,9H,4C,,,,,1.0,1.0,1.0,0.0,10,19
427,7H,,,,,,4H,9H,4C,2D,,,,0.0,1.0,0.0,1.0,10,19
428,7H,,,,,,10C,6S,,,,,,0.0,1.0,0.0,1.0,15,16
429,6D,,,,,,5H,10D,,,,,,1.0,0.0,0.0,1.0,15,25
430,7C,,,,,,JS,4H,,,,,,0.0,0.0,1.0,1.0,8,14
431,6D,,,,,,AS,10S,,,,,,0.0,1.0,0.0,1.0,16,11
432,4H,,,,,,JH,7H,,,,,,0.0,1.0,0.0,1.0,14,17
433,4S,,,,,,3C,5H,,,,,,1.0,1.0,1.0,0.0,10,9
434,4S,,,,,,3C,5H,AS,,,,,0.0,1.0,0.0,1.0,10,9
435,3C,7D,,,,,9S,8D,,,,,,0.0,0.0,1.0,1.0,20,17
436,3H,7H,,,,,6S,10S,,,,,,1.0,0.0,0.0,1.0,12,26
437,KH,,,,,,8H,KC,,,,,,1.0,0.0,0.0,1.0,14,28
438,9C,,,,,,JC,KS,,,,,,0.0,1.0,0.0,1.0,12,20
439,10H,,,,,,JH,9S,,,,,,0.0,1.0,0.0,1.0,17,19
440,6C,,,,,,JC,KC,,,,,,1.0,0.0,0.0,1.0,16,30
441,6H,,,,,,2D,7D,,,,,,1.0,1.0,1.0,0.0,16,10
442,6H,,,,,,2D,7D,AS,,,,,0.0,1.0,0.0,1.0,16,10
443,KD,,,,,,AC,QH,,,,,,0.0,1.0,0.0,1.0,20,11
444,8D,,,,,,4S,JS,,,,,,0.0,0.0,1.0,1.0,18,14
445,AD,9H,AC,,,,QD,3C,,,,,,0.0,0.0,1.0,1.0,17,13
446,AH,,,,,,KD,6C,5H,,,,,0.0,1.0,0.0,1.0,4,21
447,3S,KH,,,,,6S,5H,,,,,,0.0,0.0,1.0,1.0,16,11
448,4H,,,,,,2S,3D,,,,,,1.0,0.0,1.0,0.0,14,7
449,4H,,,,,,2S,3D,2C,,,,,0.0,0.0,1.0,1.0,14,7
450,JH,,,,,,9C,4D,,,,,,1.0,0.0,1.0,0.0,20,18
451,JH,,,,,,9C,4D,5D,,,,,0.0,0.0,1.0,1.0,20,18
452,JS,,,,,,4C,9S,,,,,,1.0,0.0,0.0,1.0,15,23
453,JH,,,,,,3C,10S,,,,,,0.0,0.0,1.0,1.0,20,13
454,JC,,,,,,8C,7H,,,,,,0.0,1.0,0.0,1.0,12,15
455,5H,,,,,,6S,JC,,,,,,1.0,1.0,1.0,0.0,15,20
456,5H,,,,,,6S,JC,4S,,,,,0.0,1.0,0.0,1.0,15,20
457,10D,,,,,,4S,6S,,,,,,1.0,0.0,1.0,0.0,19,18
458,10D,,,,,,4S,6S,8S,,,,,0.0,0.0,1.0,1.0,19,18
459,2H,7H,,,,,JD,10S,,,,,,1.0,0.0,0.0,1.0,10,29
460,AC,,,,,,6H,QD,,,,,,0.0,0.0,1.0,1.0,8,16
461,2S,,,,,,10C,AC,,,,,,0.0,1.0,0.0,1.0,6,11
462,AH,,,,,,AC,10D,,,,,,0.0,1.0,0.0,1.0,7,11
463,7D,,,,,,9S,KD,,,,,,1.0,0.0,0.0,1.0,8,28
464,6H,4D,,,,,QC,10D,,,,,,0.0,1.0,0.0,1.0,12,20
465,2D,4H,,,,,QD,2C,,,,,,0.0,0.0,1.0,1.0,16,12
466,JC,,,,,,6C,2H,,,,,,1.0,0.0,1.0,0.0,13,12
467,JC,,,,,,6C,2H,4S,,,,,1.0,1.0,1.0,0.0,13,15
468,JC,,,,,,6C,2H,4S,3H,,,,1.0,0.0,0.0,1.0,13,25
469,4H,5D,5H,,,,JC,AC,,,,,,0.0,1.0,0.0,1.0,19,11
470,5D,7C,4C,,,,7D,3S,,,,,,0.0,0.0,1.0,1.0,20,10
471,5H,,,,,,JH,QH,,,,,,0.0,1.0,0.0,1.0,12,20
472,9S,,,,,,8S,KH,,,,,,1.0,1.0,1.0,0.0,19,20
473,9S,,,,,,8S,KH,2H,,,,,1.0,0.0,0.0,1.0,19,30
474,8C,,,,,,QD,KD,,,,,,1.0,0.0,0.0,1.0,14,22
475,10D,,,,,,JS,JH,,,,,,0.0,1.0,0.0,1.0,19,20
476,3H,,,,,,KS,5S,,,,,,0.0,1.0,0.0,1.0,9,15
477,KC,,,,,,5H,4S,,,,,,1.0,0.0,1.0,0.0,20,19
478,KC,,,,,,5H,4S,JC,,,,,0.0,0.0,1.0,1.0,20,19
479,AH,AC,AS,,,,QS,3C,,,,,,0.0,0.0,1.0,1.0,8,13
480,QC,,,,,,AC,10D,,,,,,0.0,1.0,0.0,1.0,13,11
481,7C,,,,,,AH,AD,,,,,,1.0,0.0,1.0,0.0,17,6
482,7C,,,,,,AH,AD,4C,,,,,0.0,0.0,1.0,1.0,17,6
483,10H,,,,,,QD,QS,,,,,,1.0,0.0,0.0,1.0,12,24
484,6S,,,,,,9C,QC,,,,,,0.0,1.0,0.0,1.0,16,19
485,5D,,,,,,JH,4C,,,,,,0.0,1.0,0.0,1.0,7,14
486,5S,,,,,,4H,9D,,,,,,1.0,0.0,0.0,1.0,7,22
487,5C,10D,AS,,,,6H,5S,,,,,,0.0,0.0,1.0,1.0,19,11
488,5D,,,,,,2S,3S,,,,,,0.0,0.0,1.0,1.0,6,5
489,4H,,,,,,AH,9D,,,,,,0.0,1.0,0.0,1.0,10,10
490,6C,,,,,,8C,3H,,,,,,0.0,1.0,0.0,1.0,8,11
491,7H,,,,,,JC,QS,,,,,,1.0,0.0,0.0,1.0,14,22
492,QC,,,,,,10C,2C,,,,,,0.0,0.0,1.0,1.0,13,12
493,7S,4D,,,,,QD,10S,,,,,,0.0,1.0,0.0,1.0,18,20
494,6H,,,,,,2H,JS,,,,,,0.0,0.0,1.0,1.0,16,12
495,6H,,,,,,4H,JD,,,,,,0.0,0.0,1.0,1.0,16,14
496,5D,,,,,,KC,KS,AS,,,,,0.0,1.0,0.0,1.0,7,21
497,2D,,,,,,4H,5D,,,,,,1.0,1.0,1.0,0.0,12,17
498,2D,,,,,,4H,5D,8H,,,,,0.0,1.0,0.0,1.0,12,17
499,10H,2D,,,,,2H,AD,,,,,,1.0,0.0,1.0,0.0,17,7
500,10H,2D,,,,,2H,AD,4D,,,,,0.0,0.0,1.0,1.0,17,7
501,KC,,,,,,4D,7S,,,,,,0.0,0.0,1.0,1.0,16,11
502,8S,QC,,,,,KD,QD,,,,,,1.0,0.0,0.0,1.0,20,23
503,10C,,,,,,10S,8D,,,,,,1.0,0.0,0.0,1.0,18,28
504,AS,,,,,,3S,AD,,,,,,1.0,1.0,1.0,0.0,4,13
505,AS,,,,,,3S,AD,9H,,,,,0.0,1.0,0.0,1.0,4,13
506,KS,,,,,,JH,9S,,,,,,0.0,1.0,0.0,1.0,13,19
507,5C,3S,,,,,AD,6S,,,,,,1.0,0.0,1.0,0.0,18,14
508,5C,3S,,,,,AD,6S,7S,,,,,0.0,0.0,1.0,1.0,18,14
509,9C,,,,,,3D,2S,,,,,,0.0,0.0,1.0,1.0,19,5
510,2S,,,,,,9H,KH,,,,,,1.0,0.0,0.0,1.0,7,29
511,QH,,,,,,10H,5S,,,,,,0.0,0.0,1.0,1.0,17,15
512,5C,,,,,,KC,9C,,,,,,1.0,0.0,0.0,1.0,15,29
513,AD,,,,,,KH,10D,,,,,,0.0,0.0,1.0,1.0,10,20
514,10C,,,,,,5C,KD,,,,,,0.0,1.0,0.0,1.0,13,15
515,KC,,,,,,2H,9S,,,,,,1.0,1.0,1.0,0.0,18,19
516,KC,,,,,,2H,9S,8D,,,,,0.0,1.0,0.0,1.0,18,19
517,2C,,,,,,AH,9H,,,,,,1.0,1.0,1.0,0.0,4,20
518,2C,,,,,,AH,9H,QH,,,,,0.0,1.0,0.0,1.0,4,20
519,4H,,,,,,3C,AC,,,,,,1.0,1.0,1.0,0.0,10,8
520,4H,,,,,,3C,AC,4S,,,,,1.0,1.0,1.0,0.0,10,16
521,4H,,,,,,3C,AC,4S,8H,5S,,,0.0,1.0,0.0,1.0,10,21
522,6H,,,,,,6D,JC,,,,,,1.0,0.0,0.0,1.0,14,25
523,3C,,,,,,9D,6S,,,,,,0.0,1.0,0.0,1.0,9,15
524,AS,6D,,,,,KC,AC,,,,,,0.0,1.0,0.0,1.0,10,11
525,10D,,,,,,2S,10C,,,,,,0.0,0.0,1.0,1.0,12,12
526,AH,3H,,,,,JD,3C,,,,,,0.0,0.0,1.0,1.0,7,13
527,AH,QC,,,,,2C,KC,,,,,,1.0,0.0,0.0,1.0,16,22
528,2D,,,,,,JD,5H,6D,,,,,0.0,1.0,0.0,1.0,12,21
529,10C,,,,,,2C,JD,,,,,,0.0,0.0,1.0,1.0,19,12
530,7C,6C,,,,,9S,KH,,,,,,0.0,1.0,0.0,1.0,18,19
531,QD,AH,,,,,4D,JS,,,,,,0.0,1.0,0.0,1.0,13,14
532,5S,,,,,,6C,JS,,,,,,0.0,0.0,1.0,1.0,6,16
533,QS,,,,,,6C,JS,,,,,,0.0,1.0,0.0,1.0,15,16
534,QD,,,,,,9D,QS,,,,,,1.0,0.0,0.0,1.0,15,23
535,4D,,,,,,JS,10H,,,,,,1.0,0.0,0.0,1.0,5,25
536,7D,2C,,,,,3D,7C,,,,,,0.0,0.0,1.0,1.0,17,10
537,3D,,,,,,2S,8D,,,,,,0.0,0.0,1.0,1.0,4,10
538,10D,,,,,,6D,2H,,,,,,0.0,0.0,1.0,1.0,20,8
539,10H,,,,,,JD,10C,,,,,,0.0,1.0,0.0,1.0,19,20
540,2S,,,,,,KH,QH,,,,,,1.0,0.0,0.0,1.0,12,30
541,5S,6H,,,,,JD,10C,,,,,,0.0,1.0,0.0,1.0,19,20
542,3H,5S,,,,,6C,3S,,,,,,1.0,1.0,1.0,0.0,18,19
543,3H,5S,,,,,6C,3S,JD,,,,,0.0,1.0,0.0,1.0,18,19
544,JS,,,,,,10H,2H,,,,,,1.0,0.0,0.0,1.0,18,22
545,5S,,,,,,7D,8D,,,,,,1.0,0.0,0.0,1.0,11,25
546,6C,AS,,,,,QD,3C,,,,,,1.0,0.0,0.0,1.0,12,23
547,6C,,,,,,6D,4S,,,,,,1.0,1.0,1.0,0.0,16,18
548,6C,,,,,,6D,4S,8S,,,,,0.0,1.0,0.0,1.0,16,18
549,7D,,,,,,JH,9D,,,,,,0.0,1.0,0.0,1.0,17,19
550,10C,3S,,,,,AS,7S,,,,,,0.0,1.0,0.0,1.0,17,8
551,KH,,,,,,QH,5S,,,,,,1.0,1.0,1.0,0.0,15,16
552,KH,,,,,,QH,5S,AC,,,,,1.0,0.0,0.0,1.0,15,26
553,KC,,,,,,9D,4C,,,,,,0.0,0.0,1.0,1.0,20,13
554,KD,,,,,,6H,4C,,,,,,1.0,1.0,1.0,0.0,12,20
555,KD,,,,,,6H,4C,QH,,,,,0.0,1.0,0.0,1.0,12,20
556,4S,,,,,,10C,5D,,,,,,1.0,0.0,0.0,1.0,13,25
557,JC,,,,,,QD,AD,,,,,,0.0,1.0,0.0,1.0,12,11
558,QC,4S,,,,,5H,KS,,,,,,0.0,0.0,1.0,1.0,16,15
559,7S,,,,,,6S,7C,,,,,,1.0,1.0,1.0,0.0,10,14
560,7S,,,,,,6S,7C,AH,,,,,1.0,1.0,1.0,0.0,10,18
561,7S,,,,,,6S,7C,AH,4C,,,,0.0,1.0,0.0,1.0,10,18
562,2S,,,,,,2D,7H,,,,,,1.0,0.0,1.0,0.0,12,12
563,2S,,,,,,2D,7H,3D,,,,,0.0,0.0,1.0,1.0,12,12
564,5D,,,,,,4D,3H,,,,,,0.0,0.0,1.0,1.0,13,7
565,2C,,,,,,7C,5S,,,,,,0.0,1.0,0.0,1.0,11,12
566,KC,,,,,,4C,9D,,,,,,0.0,1.0,0.0,1.0,12,13
567,JD,,,,,,QH,QC,,,,,,0.0,0.0,1.0,1.0,20,20
568,9S,,,,,,AD,5C,,,,,,1.0,0.0,1.0,0.0,19,16
569,9S,,,,,,AD,5C,QC,,,,,0.0,0.0,1.0,1.0,19,16
570,6S,,,,,,4D,10C,,,,,,0.0,0.0,1.0,1.0,16,14
571,QH,2D,,,,,AD,4H,,,,,,0.0,0.0,1.0,1.0,20,5
572,2C,,,,,,7C,5C,,,,,,0.0,1.0,0.0,1.0,7,12
573,4H,9D,,,,,4C,3S,,,,,,1.0,0.0,1.0,0.0,18,10
574,4H,9D,,,,,4C,3S,3H,,,,,1.0,1.0,1.0,0.0,18,20
575,4H,9D,,,,,4C,3S,3H,JS,,,,1.0,0.0,0.0,1.0,18,26
576,2D,,,,,,9H,4C,,,,,,0.0,1.0,0.0,1.0,10,13
577,4S,,,,,,7H,KS,,,,,,0.0,1.0,0.0,1.0,14,17
578,3D,,,,,,QC,2H,,,,,,0.0,1.0,0.0,1.0,9,12
579,8S,,,,,,9H,10H,,,,,,0.0,1.0,0.0,1.0,18,19
580,10S,,,,,,AC,9H,,,,,,1.0,1.0,1.0,0.0,12,16
581,10S,,,,,,AC,9H,6C,,,,,1.0,0.0,0.0,1.0,12,26
582,4D,7C,,,,,7S,8S,,,,,,1.0,0.0,0.0,1.0,19,25
583,8S,,,,,,7S,7D,,,,,,1.0,0.0,0.0,1.0,14,24
584,5C,,,,,,AS,8C,,,,,,0.0,1.0,0.0,1.0,8,9
585,QS,,,,,,KS,QC,,,,,,1.0,0.0,0.0,1.0,20,25
586,8S,,,,,,6D,9C,,,,,,0.0,0.0,1.0,1.0,9,15
587,7C,,,,,,9H,7D,5S,,,,,0.0,1.0,0.0,1.0,17,21
588,2C,,,,,,6H,2H,,,,,,0.0,0.0,1.0,1.0,10,8
589,4S,,,,,,4C,10D,,,,,,1.0,0.0,0.0,1.0,13,24
590,8D,,,,,,4S,8S,,,,,,0.0,1.0,0.0,1.0,11,12
591,6S,,,,,,QD,JS,,,,,,1.0,0.0,0.0,1.0,9,28
592,4S,,,,,,KS,9D,,,,,,1.0,0.0,0.0,1.0,14,27
593,3C,,,,,,AH,2D,,,,,,1.0,0.0,1.0,0.0,13,13
594,3C,,,,,,AH,2D,QS,,,,,0.0,0.0,1.0,1.0,13,13
595,5S,,,,,,7H,10H,,,,,,1.0,0.0,0.0,1.0,15,27
596,4C,,,,,,8H,9H,,,,,,1.0,1.0,1.0,0.0,14,18
597,4C,,,,,,8H,9H,AH,,,,,0.0,1.0,0.0,1.0,14,18
598,9H,,,,,,AC,5C,5H,,,,,0.0,1.0,0.0,1.0,19,11
599,10C,,,,,,QH,3H,8H,,,,,0.0,1.0,0.0,1.0,20,21
600,KC,,,,,,5S,QH,,,,,,0.0,0.0,1.0,1.0,17,15
601,QC,,,,,,3S,6H,,,,,,1.0,0.0,1.0,0.0,20,18
602,QC,,,,,,3S,6H,9C,,,,,1.0,0.0,1.0,0.0,20,19
603,QC,,,,,,3S,6H,9C,AS,,,,0.0,0.0,1.0,1.0,20,19
604,5C,4C,3S,,,,9S,JD,,,,,,1.0,0.0,0.0,1.0,13,29
605,3C,,,,,,9C,4D,,,,,,1.0,1.0,1.0,0.0,13,20
606,3C,,,,,,9C,4D,7H,,,,,0.0,1.0,0.0,1.0,13,20
607,4H,,,,,,AC,10D,,,,,,0.0,1.0,0.0,1.0,10,11
608,4D,KD,AH,,,,5S,8H,,,,,,0.0,0.0,1.0,1.0,18,13
609,4H,5S,,,,,10H,7H,,,,,,0.0,0.0,1.0,1.0,10,17
610,8D,,,,,,5D,KD,,,,,,0.0,0.0,1.0,1.0,16,15
611,10D,,,,,,9C,AD,,,,,,0.0,1.0,0.0,1.0,12,10
612,JC,,,,,,8D,2H,,,,,,0.0,0.0,1.0,1.0,17,10
613,9S,,,,,,6S,7D,,,,,,0.0,0.0,1.0,1.0,17,13
614,3D,,,,,,8C,2H,,,,,,0.0,1.0,0.0,1.0,9,10
615,9H,3D,,,,,JD,10C,,,,,,0.0,1.0,0.0,1.0,16,20
616,4C,6C,,,,,JH,8S,,,,,,1.0,0.0,0.0,1.0,15,28
617,9S,,,,,,AH,4H,,,,,,1.0,1.0,1.0,0.0,10,14
618,9S,,,,,,AH,4H,9D,,,,,1.0,1.0,1.0,0.0,10,16
619,9S,,,,,,AH,4H,9D,2H,,,,1.0,0.0,0.0,1.0,10,24
620,2D,,,,,,QH,5S,,,,,,0.0,1.0,0.0,1.0,8,15
621,8S,3H,,,,,10S,3S,,,,,,0.0,0.0,1.0,1.0,17,13
622,7D,,,,,,2S,9S,,,,,,1.0,0.0,1.0,0.0,17,16
623,7D,,,,,,2S,9S,5S,,,,,1.0,1.0,1.0,0.0,17,20
624,7D,,,,,,2S,9S,5S,4H,,,,1.0,0.0,0.0,1.0,17,30
625,9D,,,,,,4D,AH,,,,,,1.0,0.0,1.0,0.0,19,15
626,9D,,,,,,4D,AH,QC,,,,,0.0,0.0,1.0,1.0,19,15
627,8S,,,,,,KS,5D,,,,,,0.0,0.0,1.0,1.0,18,15
628,9S,,,,,,AD,4C,6S,,,,,0.0,1.0,0.0,1.0,14,11
629,8H,,,,,,6S,4D,,,,,,1.0,0.0,1.0,0.0,15,12
630,8H,,,,,,6S,4D,2H,,,,,1.0,0.0,1.0,0.0,15,15
631,8H,,,,,,6S,4D,2H,3S,,,,0.0,0.0,1.0,1.0,15,15
632,JC,3C,AS,,,,5S,2D,,,,,,0.0,0.0,1.0,1.0,17,7
633,4D,,,,,,AD,9S,,,,,,1.0,1.0,1.0,0.0,6,15
634,4D,,,,,,AD,9S,5H,,,,,0.0,1.0,0.0,1.0,6,15
635,KH,,,,,,AH,7S,,,,,,1.0,0.0,1.0,0.0,19,12
636,KH,,,,,,AH,7S,4C,,,,,0.0,0.0,1.0,1.0,19,12
637,3D,,,,,,2S,KS,,,,,,1.0,1.0,1.0,0.0,13,20
638,3D,,,,,,2S,KS,8D,,,,,0.0,1.0,0.0,1.0,13,20
639,JS,,,,,,10D,8C,,,,,,0.0,1.0,0.0,1.0,16,18
640,7H,,,,,,6S,10D,,,,,,0.0,1.0,0.0,1.0,15,16
641,6D,,,,,,8D,JS,,,,,,1.0,1.0,1.0,0.0,16,20
642,6D,,,,,,8D,JS,2H,,,,,0.0,1.0,0.0,1.0,16,20
643,3D,6C,,,,,KD,AH,,,,,,0.0,1.0,0.0,1.0,18,11
644,9C,6H,,,,,3H,10S,,,,,,0.0,0.0,1.0,1.0,16,13
645,5S,,,,,,6H,8D,,,,,,0.0,0.0,1.0,1.0,15,14
646,QD,,,,,,9D,3H,9S,,,,,0.0,1.0,0.0,1.0,19,21
647,3C,,,,,,8H,JS,,,,,,0.0,1.0,0.0,1.0,7,18
648,10S,AS,,,,,8C,8H,,,,,,1.0,0.0,0.0,1.0,13,26
649,QD,,,,,,JH,4C,,,,,,0.0,0.0,1.0,1.0,17,14
650,6H,AS,5S,,,,4C,3S,,,,,,1.0,0.0,1.0,0.0,20,14
651,6H,AS,5S,,,,4C,3S,7C,,,,,1.0,0.0,0.0,1.0,20,24
652,4D,,,,,,5S,4H,,,,,,0.0,0.0,1.0,1.0,14,9
653,AS,,,,,,3D,6S,,,,,,0.0,0.0,1.0,1.0,7,9
654,7S,,,,,,JH,QS,,,,,,0.0,1.0,0.0,1.0,13,20
655,AD,,,,,,QC,7C,4D,,,,,0.0,1.0,0.0,1.0,5,21
656,3S,,,,,,2D,JH,,,,,,0.0,1.0,0.0,1.0,9,12
657,QC,,,,,,7C,4C,,,,,,1.0,1.0,1.0,0.0,16,18
658,QC,,,,,,7C,4C,7D,,,,,0.0,1.0,0.0,1.0,16,18
659,AS,,,,,,QD,8D,,,,,,1.0,0.0,0.0,1.0,8,27
660,9H,,,,,,3D,AC,,,,,,0.0,1.0,0.0,1.0,11,4
661,2H,5H,,,,,KS,3S,,,,,,0.0,0.0,1.0,1.0,17,13
662,2S,,,,,,3S,2C,,,,,,0.0,0.0,1.0,1.0,11,5
663,KC,,,,,,QH,3D,,,,,,1.0,0.0,0.0,1.0,20,23
664,3C,9H,,,,,5D,2C,,,,,,0.0,0.0,1.0,1.0,19,7
665,KS,,,,,,3D,3C,,,,,,1.0,0.0,1.0,0.0,20,7
666,KS,,,,,,3D,3C,AC,,,,,0.0,0.0,1.0,1.0,20,7
667,AC,,,,,,KC,QD,,,,,,0.0,1.0,0.0,1.0,6,20
668,6C,4D,,,,,10S,5C,,,,,,1.0,0.0,0.0,1.0,20,25
669,10C,,,,,,3C,AH,,,,,,0.0,0.0,1.0,1.0,20,4
670,2S,,,,,,AH,AC,,,,,,1.0,0.0,1.0,0.0,12,12
671,2S,,,,,,AH,AC,JS,,,,,0.0,0.0,1.0,1.0,12,12
672,5C,,,,,,QS,10C,,,,,,0.0,1.0,0.0,1.0,15,20
673,AH,,,,,,7D,10S,,,,,,0.0,0.0,1.0,1.0,9,17
674,6C,,,,,,JD,KS,,,,,,0.0,1.0,0.0,1.0,8,20
675,AS,,,,,,KH,2C,,,,,,0.0,0.0,1.0,1.0,4,12
676,8C,,,,,,7C,QD,,,,,,1.0,0.0,0.0,1.0,17,26
677,KH,,,,,,6C,3S,,,,,,0.0,0.0,1.0,1.0,12,9
678,7H,,,,,,KH,3S,,,,,,0.0,1.0,0.0,1.0,11,13
679,10H,,,,,,9S,JS,,,,,,0.0,1.0,0.0,1.0,18,19
680,7H,,,,,,5C,KC,,,,,,1.0,0.0,0.0,1.0,17,25
681,JH,2D,,,,,4C,7S,KS,,,,,0.0,1.0,0.0,1.0,14,21
682,9H,,,,,,8D,3S,,,,,,0.0,0.0,1.0,1.0,18,11
683,KS,,,,,,JH,10D,,,,,,0.0,0.0,1.0,1.0,20,20
684,JC,,,,,,5S,QS,,,,,,1.0,0.0,1.0,0.0,20,17
685,JC,,,,,,5S,QS,2S,,,,,1.0,0.0,0.0,1.0,20,26
686,6S,,,,,,QC,5D,,,,,,0.0,1.0,0.0,1.0,10,15
687,10D,,,,,,2S,9C,,,,,,1.0,0.0,1.0,0.0,17,15
688,10D,,,,,,2S,9C,4D,,,,,0.0,0.0,1.0,1.0,17,15
689,2D,5C,AS,,,,9H,AC,,,,,,1.0,0.0,1.0,0.0,18,12
690,2D,5C,AS,,,,9H,AC,2S,,,,,1.0,0.0,0.0,1.0,18,22
691,KD,,,,,,JH,7S,,,,,,1.0,0.0,0.0,1.0,14,25
692,QD,,,,,,9H,2H,,,,,,1.0,1.0,1.0,0.0,18,20
693,QD,,,,,,9H,2H,9C,,,,,0.0,1.0,0.0,1.0,18,20
694,7H,,,,,,KH,4C,,,,,,1.0,0.0,0.0,1.0,17,24
695,JC,,,,,,JS,JH,,,,,,0.0,0.0,1.0,1.0,20,20
696,9H,,,,,,4S,5H,,,,,,1.0,0.0,1.0,0.0,19,11
697,9H,,,,,,4S,5H,2H,,,,,0.0,0.0,1.0,1.0,19,11
698,8S,,,,,,QS,8D,,,,,,1.0,0.0,0.0,1.0,9,23
699,3C,3S,,,,,7C,JC,,,,,,1.0,0.0,0.0,1.0,9,25
700,8H,,,,,,7C,10C,,,,,,1.0,1.0,1.0,0.0,16,20
701,8H,,,,,,7C,10C,3D,,,,,0.0,1.0,0.0,1.0,16,20
702,JS,,,,,,8C,6H,,,,,,1.0,0.0,0.0,1.0,20,23
703,JS,,,,,,6S,4C,,,,,,1.0,0.0,1.0,0.0,20,20
704,JS,,,,,,6S,4C,QS,,,,,1.0,0.0,0.0,1.0,20,28
705,JC,,,,,,3D,4S,,,,,,1.0,0.0,1.0,0.0,19,17
706,JC,,,,,,3D,4S,KC,,,,,0.0,0.0,1.0,1.0,19,17
707,6D,,,,,,AS,QH,,,,,,0.0,1.0,0.0,1.0,14,11
708,9C,,,,,,2S,AD,,,,,,0.0,0.0,1.0,1.0,14,3
709,JH,,,,,,6H,3S,,,,,,1.0,0.0,1.0,0.0,15,11
710,JH,,,,,,6H,3S,2S,,,,,0.0,0.0,1.0,1.0,15,11
711,6H,,,,,,6S,3D,,,,,,1.0,0.0,1.0,0.0,16,12
712,6H,,,,,,6S,3D,3S,,,,,1.0,0.0,0.0,1.0,16,22
713,AD,3S,,,,,4D,7S,,,,,,1.0,1.0,1.0,0.0,12,20
714,AD,3S,,,,,4D,7S,9H,,,,,0.0,1.0,0.0,1.0,12,20
715,7C,,,,,,AS,KS,,,,,,0.0,1.0,0.0,1.0,12,11
716,2C,,,,,,JD,KH,,,,,,0.0,1.0,0.0,1.0,8,20
717,2H,,,,,,QS,6H,,,,,,0.0,1.0,0.0,1.0,9,16
718,AC,,,,,,10C,2S,,,,,,1.0,1.0,1.0,0.0,2,19
719,AC,,,,,,10C,2S,7D,,,,,0.0,1.0,0.0,1.0,2,19
720,AH,,,,,,10C,7C,,,,,,0.0,1.0,0.0,1.0,5,17
721,9S,,,,,,8H,7D,,,,,,1.0,0.0,0.0,1.0,19,23
722,KH,3H,,,,,7C,7H,,,,,,0.0,0.0,1.0,1.0,16,14
723,QS,AH,,,,,2C,4H,,,,,,0.0,0.0,1.0,1.0,18,6
724,8D,,,,,,JH,7D,,,,,,0.0,1.0,0.0,1.0,11,17
725,QH,,,,,,JH,6S,,,,,,1.0,0.0,1.0,0.0,20,19
726,QH,,,,,,JH,6S,3S,,,,,1.0,0.0,0.0,1.0,20,26
727,QC,,,,,,7S,3C,,,,,,1.0,1.0,1.0,0.0,15,19
728,QC,,,,,,7S,3C,9C,,,,,1.0,0.0,0.0,1.0,15,25
729,4H,,,,,,AD,6H,,,,,,1.0,1.0,1.0,0.0,13,10
730,4H,,,,,,AD,6H,3D,,,,,1.0,1.0,1.0,0.0,13,14
731,4H,,,,,,AD,6H,3D,4D,,,,1.0,0.0,0.0,1.0,13,24
732,2C,,,,,,10S,7H,,,,,,0.0,1.0,0.0,1.0,10,17
733,10S,,,,,,3H,JC,,,,,,1.0,0.0,0.0,1.0,13,23
734,6S,,,,,,4S,JH,,,,,,0.0,1.0,0.0,1.0,10,14
735,3C,,,,,,QH,3S,,,,,,1.0,1.0,1.0,0.0,13,18
736,3C,,,,,,QH,3S,5C,,,,,1.0,0.0,0.0,1.0,13,28
737,AS,,,,,,4D,10H,,,,,,1.0,0.0,0.0,1.0,4,24
738,9D,,,,,,3H,2S,,,,,,1.0,0.0,1.0,0.0,19,15
739,9D,,,,,,3H,2S,10D,,,,,0.0,0.0,1.0,1.0,19,15
740,3S,,,,,,JD,9H,2S,,,,,0.0,1.0,0.0,1.0,11,21
741,5D,,,,,,8D,7H,,,,,,1.0,1.0,1.0,0.0,7,19
742,5D,,,,,,8D,7H,4D,,,,,0.0,1.0,0.0,1.0,7,19
743,9H,,,,,,2S,JD,,,,,,0.0,0.0,1.0,1.0,19,12
744,8C,,,,,,10S,6S,,,,,,1.0,0.0,0.0,1.0,12,25
745,2S,4D,,,,,8C,7S,,,,,,1.0,1.0,1.0,0.0,7,18
746,2S,4D,,,,,8C,7S,3D,,,,,1.0,0.0,0.0,1.0,7,28
747,5H,,,,,,9H,JS,,,,,,1.0,0.0,0.0,1.0,9,29
748,JD,,,,,,3D,JS,,,,,,1.0,0.0,0.0,1.0,20,23
749,2S,6C,5D,,,,KS,9S,,,,,,1.0,0.0,0.0,1.0,16,29
750,6D,9D,,,,,4H,2C,,,,,,0.0,0.0,1.0,1.0,20,6
751,10C,,,,,,3C,7S,,,,,,1.0,1.0,1.0,0.0,18,20
752,10C,,,,,,3C,7S,KH,,,,,0.0,1.0,0.0,1.0,18,20
753,5C,2H,,,,,3H,9C,,,,,,1.0,1.0,1.0,0.0,14,18
754,5C,2H,,,,,3H,9C,6D,,,,,1.0,0.0,0.0,1.0,14,28
755,10D,,,,,,AC,7C,,,,,,0.0,1.0,0.0,1.0,16,8
756,6S,4H,,,,,6D,5D,,,,,,1.0,1.0,1.0,0.0,11,12
757,6S,4H,,,,,6D,5D,AD,,,,,1.0,1.0,1.0,0.0,11,14
758,6S,4H,,,,,6D,5D,AD,2H,7D,,,0.0,1.0,0.0,1.0,11,21
759,2C,,,,,,AH,KH,,,,,,0.0,1.0,0.0,1.0,12,11
760,6C,,,,,,10H,9H,,,,,,0.0,1.0,0.0,1.0,12,19
761,3C,,,,,,3D,JC,,,,,,1.0,0.0,0.0,1.0,6,23
762,7D,,,,,,4C,8C,,,,,,1.0,1.0,1.0,0.0,17,19
763,7D,,,,,,4C,8C,7C,,,,,0.0,1.0,0.0,1.0,17,19
764,4H,,,,,,4C,3H,,,,,,0.0,0.0,1.0,1.0,14,7
765,6H,6S,,,,,JC,3S,,,,,,0.0,0.0,1.0,1.0,14,13
766,10C,,,,,,8D,AD,,,,,,0.0,0.0,1.0,1.0,20,9
767,5C,,,,,,4S,KD,,,,,,1.0,1.0,1.0,0.0,9,18
768,5C,,,,,,4S,KD,4C,,,,,0.0,1.0,0.0,1.0,9,18
769,2C,,,,,,7S,2S,,,,,,1.0,1.0,1.0,0.0,12,15
770,2C,,,,,,7S,2S,6H,,,,,0.0,1.0,0.0,1.0,12,15
771,7S,,,,,,9C,JD,,,,,,0.0,1.0,0.0,1.0,9,19
772,7D,,,,,,JD,JS,,,,,,0.0,1.0,0.0,1.0,8,20
773,8C,,,,,,AD,7H,,,,,,0.0,1.0,0.0,1.0,17,8
774,5H,,,,,,5D,6S,KC,,,,,0.0,1.0,0.0,1.0,8,21
775,4S,,,,,,JC,9H,,,,,,0.0,1.0,0.0,1.0,13,19
776,QD,,,,,,AD,QC,,,,,,0.0,1.0,0.0,1.0,12,11
777,7D,,,,,,4D,8H,,,,,,1.0,0.0,1.0,0.0,17,15
778,7D,,,,,,4D,8H,3C,,,,,1.0,1.0,1.0,0.0,17,19
779,7D,,,,,,4D,8H,3C,4C,,,,0.0,1.0,0.0,1.0,17,19
780,3D,,,,,,3H,7S,,,,,,1.0,1.0,1.0,0.0,12,19
781,3D,,,,,,3H,7S,9C,,,,,0.0,1.0,0.0,1.0,12,19
782,8D,,,,,,AD,QD,,,,,,0.0,1.0,0.0,1.0,14,11
783,5H,,,,,,10H,6C,,,,,,1.0,1.0,1.0,0.0,6,17
784,5H,,,,,,10H,6C,AC,,,,,1.0,0.0,0.0,1.0,6,24
785,4D,4H,,,,,KC,9H,,,,,,1.0,0.0,0.0,1.0,18,22
786,JC,,,,,,AD,3H,7D,,,,,0.0,1.0,0.0,1.0,20,11
787,4D,AH,QS,,,,7D,10H,,,,,,0.0,0.0,1.0,1.0,17,17
788,7D,10C,,,,,2D,KH,,,,,,0.0,0.0,1.0,1.0,20,12
789,8H,,,,,,7D,2C,,,,,,1.0,0.0,1.0,0.0,18,12
790,8H,,,,,,7D,2C,3C,,,,,1.0,0.0,0.0,1.0,18,22
791,JS,,,,,,JD,QS,,,,,,1.0,0.0,0.0,1.0,12,27
792,10D,,,,,,9D,JC,,,,,,0.0,1.0,0.0,1.0,17,19
793,AS,4S,,,,,3C,8D,,,,,,0.0,0.0,1.0,1.0,14,11
794,10S,,,,,,7H,3D,,,,,,1.0,0.0,1.0,0.0,20,20
795,10S,,,,,,7H,3D,KD,,,,,0.0,0.0,1.0,1.0,20,20
796,5C,,,,,,4H,KH,,,,,,1.0,1.0,1.0,0.0,15,18
797,5C,,,,,,4H,KH,4C,,,,,0.0,1.0,0.0,1.0,15,18
798,2D,3D,,,,,9H,9D,,,,,,1.0,0.0,0.0,1.0,14,28
799,4H,,,,,,QD,KC,,,,,,1.0,0.0,0.0,1.0,9,30
800,5C,4H,,,,,9D,2S,QD,,,,,0.0,1.0,0.0,1.0,19,21
801,2D,,,,,,4S,JD,,,,,,1.0,0.0,0.0,1.0,11,24
802,4C,4S,2H,,,,9S,6D,,,,,,1.0,0.0,0.0,1.0,17,25
803,3H,,,,,,JD,3C,,,,,,0.0,0.0,1.0,1.0,13,13
804,7H,,,,,,10D,QD,,,,,,0.0,1.0,0.0,1.0,16,20
805,JH,,,,,,JS,9H,,,,,,0.0,1.0,0.0,1.0,17,19
806,6C,,,,,,2C,JS,,,,,,1.0,0.0,0.0,1.0,13,22
807,KS,,,,,,QD,AS,,,,,,0.0,1.0,0.0,1.0,18,11
808,8D,,,,,,10H,6H,,,,,,1.0,0.0,0.0,1.0,11,23
809,QD,,,,,,9D,2D,,,,,,1.0,1.0,1.0,0.0,13,17
810,QD,,,,,,9D,2D,6H,,,,,0.0,1.0,0.0,1.0,13,17
811,AH,5S,,,,,6C,2D,,,,,,1.0,1.0,1.0,0.0,7,18
812,AH,5S,,,,,6C,2D,10S,,,,,0.0,1.0,0.0,1.0,7,18
813,7D,,,,,,JS,10D,,,,,,0.0,1.0,0.0,1.0,11,20
814,AC,,,,,,8D,KC,,,,,,1.0,0.0,0.0,1.0,4,26
815,5D,,,,,,9S,QH,2C,,,,,0.0,1.0,0.0,1.0,15,21
816,8H,AC,,,,,7S,2D,,,,,,0.0,0.0,1.0,1.0,15,9
817,JD,,,,,,AC,4S,6C,,,,,0.0,1.0,0.0,1.0,15,11
818,7C,10C,,,,,3D,9D,,,,,,0.0,0.0,1.0,1.0,19,12
819,4H,,,,,,KS,KH,,,,,,1.0,0.0,0.0,1.0,14,25
820,3H,10C,,,,,5S,QC,,,,,,0.0,0.0,1.0,1.0,15,15
821,6S,,,,,,QS,JH,,,,,,0.0,1.0,0.0,1.0,11,20
822,3S,,,,,,7H,8H,,,,,,1.0,1.0,1.0,0.0,13,17
823,3S,,,,,,7H,8H,2H,,,,,0.0,1.0,0.0,1.0,13,17
824,9H,,,,,,AC,6H,,,,,,1.0,1.0,1.0,0.0,12,9
825,9H,,,,,,AC,6H,2S,,,,,0.0,1.0,0.0,1.0,12,9
826,AC,8D,,,,,6S,6H,,,,,,1.0,1.0,1.0,0.0,14,20
827,AC,8D,,,,,6S,6H,8H,,,,,1.0,0.0,0.0,1.0,14,27
828,JD,2H,,,,,7H,10H,,,,,,1.0,0.0,1.0,0.0,20,18
829,JD,2H,,,,,7H,10H,AH,,,,,1.0,0.0,0.0,1.0,20,27
830,8C,4S,,,,,AD,5C,,,,,,0.0,0.0,1.0,1.0,19,6
831,KS,5D,,,,,9S,4H,,,,,,0.0,0.0,1.0,1.0,20,13
832,AH,6H,5C,,,,2D,9C,,,,,,1.0,1.0,1.0,0.0,15,20
833,AH,6H,5C,,,,2D,9C,9D,,,,,0.0,1.0,0.0,1.0,15,20
834,8D,3C,,,,,5D,5C,,,,,,1.0,0.0,1.0,0.0,17,17
835,8D,3C,,,,,5D,5C,7D,,,,,0.0,0.0,1.0,1.0,17,17
836,AC,QH,,,,,4C,3D,,,,,,1.0,0.0,1.0,0.0,17,11
837,AC,QH,,,,,4C,3D,4S,JC,,,,0.0,1.0,0.0,1.0,17,21
838,8C,,,,,,2S,AD,8S,,,,,0.0,1.0,0.0,1.0,15,11
839,2S,AD,,,,,AS,4D,,,,,,1.0,0.0,1.0,0.0,11,9
840,2S,AD,,,,,AS,4D,4C,,,,,1.0,1.0,1.0,0.0,11,15
841,2S,AD,,,,,AS,4D,4C,6D,,,,0.0,1.0,0.0,1.0,11,15
842,AD,10S,,,,,8D,QH,,,,,,0.0,1.0,0.0,1.0,15,18
843,8S,,,,,,6S,3D,,,,,,1.0,1.0,1.0,0.0,12,19
844,8S,,,,,,6S,3D,JD,,,,,1.0,0.0,0.0,1.0,12,23
845,QD,,,,,,6C,5S,,,,,,0.0,0.0,1.0,1.0,15,11
846,2S,,,,,,JD,4H,,,,,,1.0,0.0,0.0,1.0,4,24
847,8H,,,,,,AC,5C,,,,,,0.0,0.0,1.0,1.0,18,6
848,6H,,,,,,JD,9H,,,,,,0.0,1.0,0.0,1.0,10,19
849,8C,,,,,,QD,3H,,,,,,0.0,0.0,1.0,1.0,17,13
850,3H,9C,,,,,6S,JH,,,,,,0.0,1.0,0.0,1.0,14,16
851,9H,,,,,,6H,3S,,,,,,0.0,0.0,1.0,1.0,13,9
852,7H,,,,,,2D,5C,,,,,,0.0,0.0,1.0,1.0,13,7
853,7C,,,,,,7D,AS,,,,,,1.0,1.0,1.0,0.0,17,18
854,7C,,,,,,7D,AS,KC,,,,,0.0,1.0,0.0,1.0,17,18
855,3D,6H,,,,,8H,JD,,,,,,0.0,1.0,0.0,1.0,13,18
856,2H,6D,,,,,2D,5S,,,,,,1.0,1.0,1.0,0.0,13,15
857,2H,6D,,,,,2D,5S,8D,,,,,0.0,1.0,0.0,1.0,13,15
858,JD,,,,,,3S,6S,,,,,,0.0,0.0,1.0,1.0,17,9
859,10H,,,,,,AH,3S,,,,,,0.0,0.0,1.0,1.0,20,4
860,7H,5S,,,,,8C,3S,,,,,,0.0,0.0,1.0,1.0,20,11
861,7H,,,,,,7S,4C,,,,,,1.0,0.0,1.0,0.0,17,16
862,7H,,,,,,7S,4C,5S,5H,,,,0.0,1.0,0.0,1.0,17,21
863,2H,,,,,,2D,8C,,,,,,1.0,1.0,1.0,0.0,9,20
864,2H,,,,,,2D,8C,JD,,,,,1.0,0.0,0.0,1.0,9,29
865,8H,,,,,,KH,KD,,,,,,0.0,1.0,0.0,1.0,10,20
866,KS,,,,,,4D,9D,,,,,,1.0,0.0,0.0,1.0,12,23
867,9C,,,,,,5D,8D,,,,,,0.0,0.0,1.0,1.0,16,13
868,AC,,,,,,4S,7D,,,,,,0.0,0.0,1.0,1.0,10,11
869,5S,,,,,,2H,KS,,,,,,0.0,0.0,1.0,1.0,6,12
870,9S,,,,,,6C,7D,,,,,,1.0,1.0,1.0,0.0,16,18
871,9S,,,,,,6C,7D,5C,,,,,0.0,1.0,0.0,1.0,16,18
872,6D,5D,,,,,9C,7D,,,,,,1.0,0.0,0.0,1.0,16,26
873,2S,,,,,,KD,8D,,,,,,1.0,0.0,0.0,1.0,9,23
874,6C,JH,,,,,7S,9S,,,,,,0.0,0.0,1.0,1.0,17,16
875,5H,,,,,,QC,5D,,,,,,0.0,1.0,0.0,1.0,14,15
876,10D,,,,,,6S,10C,,,,,,0.0,0.0,1.0,1.0,20,16
877,10H,,,,,,4H,5H,,,,,,1.0,1.0,1.0,0.0,16,19
878,10H,,,,,,4H,5H,10C,,,,,1.0,0.0,0.0,1.0,16,29
